customer_id,signup_date,city,segment,email
3a0f8e21-9b87-4810-862f-e8de075fa797,2026-07-30,Lima,new,buyer0001@example.pe
94e3bb75-5c58-4564-92f2-241295510f9f,2026-07-14,Cajamarca,wholesale,buyer0002@example.pe
2f1f6569-c6d4-4fce-ae0e-deb1eb5412aa,2026-04-23,Trujillo,wholesale,buyer0003@example.pe
85d2ac43-ac4c-4001-9f3a-2e0adfc856ac,2026-09-26,Huancayo,wholesale,buyer0004@example.pe
1e9f5012-2e34-4419-97c1-d78d2b20c7d0,2026-09-27,Pucallpa,vip,buyer0005@example.pe
6618d8d3-f600-4973-aaea-efd9a73dfe1f,2026-05-10,Ica,vip,buyer0006@example.pe
baefd41a-bbf1-4567-9994-cf211b7272fd,2026-06-18,Juliaca,retail,buyer0007@example.pe
02b68be5-08e6-40cc-b03a-44c68d65e10d,2026-04-14,Piura,wholesale,buyer0008@example.pe
c9456433-4ca7-48eb-96b4-d3b7980f9f16,2026-09-26,Piura,retail,buyer0009@example.pe
66d94e36-5cd6-4ba1-8756-eb1abc4c4b43,2026-07-11,Pucallpa,retail,buyer0010@example.pe
a79818e2-4500-4c92-93dd-5c23aab23d4b,2026-05-26,Cajamarca,vip,buyer0011@example.pe
32e92878-d88e-4cd1-8d9a-98d0e0b20aa9,2026-08-20,Chiclayo,vip,buyer0012@example.pe
507dcf83-d774-4bbf-8c41-cff361cec025,2026-04-23,Chimbote,new,buyer0013@example.pe
e6763a14-51b3-41d7-805e-7dc1d2d88cbd,2026-07-26,Cajamarca,new,buyer0014@example.pe
a4ae0fa7-6c4a-4add-bbba-35a358bb4ec4,2026-04-06,Huancayo,retail,buyer0015@example.pe
717880c0-a932-45e0-8426-830dfc512b52,2026-07-22,Juliaca,retail,buyer0016@example.pe
f805e84e-2118-4196-9681-08f021bc50ae,2026-08-08,Cusco,new,buyer0017@example.pe
7cc01d11-4bd9-4b82-9f6a-53ca287c2908,2026-09-11,Piura,retail,buyer0018@example.pe
6b352090-9266-4ddf-96d4-6b2177d83e28,2026-09-23,Cajamarca,new,buyer0019@example.pe
3773b190-b472-4990-ad7f-7898b7680b77,2026-06-14,Huancayo,vip,buyer0020@example.pe
fba35db6-9b23-4d3e-893f-578b70526312,2026-07-11,Pucallpa,retail,buyer0021@example.pe
2586604d-c19e-468e-8b45-4b0eb398a91b,2026-03-21,Cusco,new,buyer0022@example.pe
06367bc7-5240-48dc-b69e-e6601f501b3e,2026-04-07,Tacna,vip,buyer0023@example.pe
5073b76d-9a40-4d4a-9383-e92bcd83d70b,2026-09-17,Tacna,vip,buyer0024@example.pe
5dffb6b5-9448-472a-b188-e17e4ae0d624,2026-04-07,Trujillo,new,buyer0025@example.pe
b84387d7-7bc5-41db-a71a-160ca1bf9086,2026-08-12,Lima,new,buyer0026@example.pe
37ddc654-172e-4e27-8de7-c62cd109f077,2026-09-27,Arequipa,retail,buyer0027@example.pe
715fa856-b1a2-4460-b29b-a25abaf1c17a,2026-05-03,Cajamarca,retail,buyer0028@example.pe
82566433-62e4-408e-8486-182e7c207337,2026-07-31,Piura,vip,buyer0029@example.pe
6f6edb8e-e930-4265-b251-3eb2890c9967,2026-09-30,Cusco,vip,buyer0030@example.pe
4a67ea1f-75fc-4716-a28d-e9f79dd91fbe,2026-06-06,Chiclayo,retail,buyer0031@example.pe
834ab6eb-adaa-4ff9-85ab-15d076d48ac9,2026-09-04,Cajamarca,retail,buyer0032@example.pe
33bdbf4d-e14c-4ff8-bc3c-c0f55f373892,2026-08-31,Huancayo,new,buyer0033@example.pe
f71cb521-c175-44ff-b1e0-d75514481acf,2026-04-11,Iquitos,new,buyer0034@example.pe
84541a3c-dd53-49be-9a2e-a983ff5d06fc,2026-05-26,Chimbote,retail,buyer0035@example.pe
9b1a0870-9c0a-471f-b401-69ddde89e52c,2026-09-26,Cajamarca,retail,buyer0036@example.pe
e326bf87-8738-4a7c-842f-70cdd4deb567,2026-05-23,Piura,retail,buyer0037@example.pe
e2ae3f1d-ef9a-41b1-8d29-2274736f3fe6,2026-09-17,Ica,vip,buyer0038@example.pe
ac563b51-76eb-4063-9f46-e9e2a56a7942,2026-06-22,Juliaca,new,buyer0039@example.pe
75e5eeb5-3052-4155-a21f-b59b14e86786,2026-07-01,Juliaca,wholesale,buyer0040@example.pe
e5943231-577d-4616-b03d-354583ea8282,2026-09-06,Cajamarca,vip,buyer0041@example.pe
67f22bfd-8b98-4e1b-90db-fecc6f68ae2b,2026-06-22,Lima,retail,buyer0042@example.pe
6a1451c1-74ac-4a46-add8-11636191528b,2026-05-18,Piura,retail,buyer0043@example.pe
00aeb30f-6f07-487b-a226-b966ebdb72c1,2026-08-22,Juliaca,new,buyer0044@example.pe
ad4291a4-069a-44a9-867d-4a06c6eb9bbf,2026-08-08,Cajamarca,wholesale,buyer0045@example.pe
3636446f-eb56-432b-a068-029e33942881,2026-09-21,Piura,wholesale,buyer0046@example.pe
92edc5e9-96bd-49d2-a9e0-a71602b21d3a,2026-04-21,Huancayo,retail,buyer0047@example.pe
ba6c30bd-4a28-4ba0-bd93-c0451ef3f42b,2026-06-27,Piura,wholesale,buyer0048@example.pe
9d6f86fb-be53-4c53-a1dd-798d1a115c83,2026-06-07,Lima,new,buyer0049@example.pe
e709eddb-721f-4a24-a748-14e96180b661,2026-04-30,Huancayo,new,buyer0050@example.pe
95271a20-c276-4954-a847-8ae96dbdd33d,2026-08-14,Huancayo,new,buyer0051@example.pe
b7a3285f-ea29-4001-b4d4-29a03ef1f104,2026-06-25,Cusco,vip,buyer0052@example.pe
ff91e70b-89fd-4b40-a797-98dd4070cd82,2026-06-09,Piura,new,buyer0053@example.pe
b300f1a7-245c-4661-be49-ab1d7fe26840,2026-08-26,Huancayo,wholesale,buyer0054@example.pe
d8c6c698-1a27-45db-ba6b-23adda15d2b8,2026-04-22,,wholesale,buyer0055@example.pe
244a93da-ad86-49b8-88b7-6388c98a3e63,2026-06-05,Chimbote,wholesale,buyer0056@example.pe
d14b887b-79f4-46bc-ad84-3d5e544a77d8,2026-08-22,Trujillo,retail,buyer0057@example.pe
865f2c9a-86bd-4c5c-978b-b12eb2073e6c,2026-05-25,Iquitos,new,buyer0058@example.pe
3879c26c-385f-4b9c-b1ac-c13ecb7a9baf,2026-07-05,Cusco,retail,buyer0059@example.pe
80ca2f4d-d447-46b3-8819-df199e20a3d2,2026-09-08,Trujillo,wholesale,buyer0060@example.pe
fd173908-89d3-4fda-a34d-f805c2ff7347,2026-06-02,Piura,retail,buyer0061@example.pe
8edb7004-ad8d-4af1-bf7a-4d7fa4c5944c,2026-06-12,Piura,wholesale,buyer0062@example.pe
6b22ae26-71c1-4923-a4cd-a874fafda1e3,2026-03-27,Ica,vip,buyer0063@example.pe
6c7f728b-997b-47d5-8c19-bd5a26ca8451,2026-04-20,Tacna,wholesale,buyer0064@example.pe
df6648d9-4050-4445-93a7-cde3244c2f79,2026-09-01,Huancayo,new,buyer0065@example.pe
3dc96785-6e1c-4d0e-9024-db3317b269b9,2026-08-24,Huancayo,wholesale,buyer0066@example.pe
6b827b53-eda9-4d4c-ac5b-42bf79928864,2026-04-10,Piura,wholesale,buyer0067@example.pe
ce38f81d-cc2b-4176-9f13-38c82656fd45,2026-04-11,Arequipa,new,buyer0068@example.pe
12c398bf-3021-4794-b6fe-6eb01fe5cd9f,2026-08-30,Lima,vip,buyer0069@example.pe
499f2fe4-499e-46a4-8ea2-5226f981ef12,2026-04-19,Trujillo,vip,buyer0070@example.pe
bbfe61aa-c4c7-45b9-8074-38dcbc9d6ff8,2026-04-19,Cusco,vip,buyer0071@example.pe
31e90c5f-2289-4355-ad4f-08e26726c0e4,2026-08-18,Juliaca,retail,buyer0072@example.pe
1a2c8976-b6b2-4fa2-89e1-15a4a4a9ff4d,2026-08-30,Iquitos,wholesale,buyer0073@example.pe
f0ffdc20-cf43-4016-9711-a875a645085e,2026-08-15,Piura,wholesale,buyer0074@example.pe
3f2dcaff-0247-4dab-8f4d-883d378a92ef,2026-03-30,Trujillo,new,buyer0075@example.pe
c86993a3-c43b-4ebc-ac41-d3ac8dc819bd,2026-07-15,Ica,retail,buyer0076@example.pe
3c892611-1e39-4461-b585-80557952d0cd,2026-09-01,Cajamarca,wholesale,buyer0077@example.pe
35536ab9-19d0-4864-ab90-e8695ec85aeb,2026-09-12,Pucallpa,wholesale,buyer0078@example.pe
df96c70f-5e07-4bbb-b51a-730d026bb361,2026-05-19,Chimbote,wholesale,buyer0079@example.pe
b15b1ab4-d139-46ef-b8c3-73256abbc7e6,2026-05-28,Ica,vip,buyer0080@example.pe
760bbc5d-70cf-453d-879e-af65ac29aa9e,2026-08-06,Juliaca,vip,buyer0081@example.pe
363e8255-80ac-4ffd-8813-e7e8d50dae77,2026-05-22,Tacna,retail,buyer0082@example.pe
e00fbf9f-e822-42ea-9d85-cda7dd952644,2026-09-27,Trujillo,new,buyer0083@example.pe
b024f91c-a961-4278-89bf-6b4ac402a130,2026-09-13,Trujillo,wholesale,buyer0084@example.pe
aca33cae-faeb-4ed4-956c-d0b92135f59b,2026-06-22,Tacna,wholesale,buyer0085@example.pe
6431fc4e-8ccf-4446-8982-8cbd7bcb80e6,2026-04-29,Cusco,wholesale,buyer0086@example.pe
d15780e0-aa55-4289-a4e4-cfb701e65d91,2026-09-25,Cusco,vip,buyer0087@example.pe
d9e05bc4-baad-4536-81da-f8ab4191c1a6,2026-07-03,Chimbote,wholesale,buyer0088@example.pe
6575bc9f-3158-4585-90a2-7aedff28c43d,2026-06-05,Cajamarca,wholesale,buyer0089@example.pe
353fc2eb-208b-44a8-a044-5c6941cf5ca6,2026-07-25,Cajamarca,wholesale,buyer0090@example.pe
0fcc2f09-2699-407e-bb9d-ba0fee77cd5a,2026-04-12,Pucallpa,vip,buyer0091@example.pe
5e486750-d4a1-4e2d-ac24-955d8fff8421,2026-04-18,Iquitos,vip,buyer0092@example.pe
c75f9bb1-3a34-4c58-8871-05762405f95a,2026-06-10,Lima,vip,buyer0093@example.pe
e383e5ad-bc89-43a1-9017-e485bf86ac9f,2026-09-03,Tacna,new,buyer0094@example.pe
71aa7699-88db-446a-8e3e-6484f1b2376a,2026-09-26,Iquitos,wholesale,buyer0095@example.pe
08998e79-35db-40b5-baaf-7e5031421ffe,2026-09-26,Lima,vip,buyer0096@example.pe
a84eb40c-9ab2-4220-85b5-80ad342e4309,2026-09-14,Iquitos,new,buyer0097@example.pe
bf766e61-e66b-4eb3-b8a0-f2d2300ae423,2026-05-27,Ica,retail,buyer0098@example.pe
40039c98-8535-45c4-b2ab-a0daf524fa7f,2026-06-16,Lima,vip,buyer0099@example.pe
0c98d880-c643-4eac-8e7d-178190077d64,2026-08-26,Ica,wholesale,buyer0100@example.pe
99dfe542-7a8a-44f5-88f1-93b0386fb87c,2026-08-10,Huancayo,vip,buyer0101@example.pe
5ad252e1-03db-4c6e-a17d-6f63e9899cd9,2026-08-30,Tacna,retail,buyer0102@example.pe
23fc56ca-53e2-481b-84aa-4c363dc800f5,2026-04-07,Chiclayo,new,buyer0103@example.pe
30de6d7d-e1d5-431a-a4f7-a4af8cdb1074,2026-07-25,Lima,new,buyer0104@example.pe
33f1e1ab-8ef3-4e05-a7d1-17e4eac32343,2026-08-23,Tacna,wholesale,buyer0105@example.pe
47ffc40c-73ae-478b-a72d-1af626e1b4de,2026-04-22,Trujillo,retail,buyer0106@example.pe
6ee43709-f998-428c-bd24-06abf0523d55,2026-04-01,Lima,wholesale,buyer0107@example.pe
b06caa11-1142-4381-b47c-a276f5d78e78,2026-03-28,Trujillo,vip,buyer0108@example.pe
b5f81bc3-c56b-488b-81a4-992456a3d193,2026-07-05,Piura,vip,buyer0109@example.pe
6c960fde-50fb-45c1-bef4-fff562bb76f7,2026-05-13,,wholesale,buyer0110@example.pe
f19522bf-886c-44ca-a58f-b249b6bc26f5,2026-08-21,Huancayo,vip,buyer0111@example.pe
1b7a3e86-d1cd-45f4-a8ed-b9b4c510aaf8,2026-06-23,Lima,vip,buyer0112@example.pe
ce9daa30-2eac-4b8f-9144-324142ee4e16,2026-05-22,Arequipa,vip,buyer0113@example.pe
5372a4e9-66da-44af-8641-039da83ccee6,2026-05-31,Tacna,new,buyer0114@example.pe
22bcf022-34d8-4f1c-8a79-0f9f5fae4c93,2026-09-26,Ica,wholesale,buyer0115@example.pe
c2cba4c7-5d38-4c9c-a9ae-d2ed60f69d07,2026-09-26,Juliaca,retail,buyer0116@example.pe
76926ba4-faae-4a89-b213-5c7db58f9b3c,2026-08-22,Cusco,retail,buyer0117@example.pe
21316472-2119-40d8-9097-a661fe2c270f,2026-07-13,,vip,buyer0118@example.pe
ef219736-aaa8-4a03-8680-242f036f97cc,2026-06-10,Chimbote,new,buyer0119@example.pe
9dfe24d2-2c4d-42dd-bec9-eaba907236de,2026-09-30,Juliaca,retail,buyer0120@example.pe
57dcc8bc-7bd9-49b4-bcf5-4929c5350ebb,2026-07-26,Chiclayo,new,buyer0121@example.pe
e328a513-a749-4476-8fed-814c53aaa5ae,2026-08-05,Huancayo,vip,buyer0122@example.pe
02ec19c5-8d54-4e98-9004-777fcb8fa449,2026-08-29,Pucallpa,wholesale,buyer0123@example.pe
9498e325-bc2f-4b3c-83b8-248719dfa849,2026-07-27,Huancayo,vip,buyer0124@example.pe
e9d2a460-b1a0-46aa-b629-60cf3f1922c8,2026-09-17,Iquitos,new,buyer0125@example.pe
16d1e87b-5980-4616-ba63-5fa740f5e2c1,2026-07-13,Arequipa,vip,buyer0126@example.pe
b1adad27-311a-4820-b200-de6892f20643,2026-06-29,Lima,retail,buyer0127@example.pe
63989e9e-4167-49d9-9aba-4605bf21d9bf,2026-04-12,Chiclayo,new,buyer0128@example.pe
9cea6a0c-6dac-4ddb-abe3-23774cb2b3f4,2026-07-03,Iquitos,wholesale,buyer0129@example.pe
956057f5-be6c-4d95-bd1f-9cd845dd1767,2026-08-28,Cusco,new,buyer0130@example.pe
60222975-4e97-4214-bcb6-4421d3220e64,2026-08-19,Chimbote,vip,buyer0131@example.pe
e6767997-b815-4904-8fa2-10f7deb5d0ae,2026-06-25,Cajamarca,retail,buyer0132@example.pe
d235b62c-6b89-42e8-8b6b-067e7cffedb7,2026-06-16,Cusco,wholesale,buyer0133@example.pe
3944bfbd-ab28-445d-ad91-3e872169eaa5,2026-05-15,Pucallpa,retail,buyer0134@example.pe
2fe2227e-a3ea-4992-b4e7-07f23925b0a8,2026-06-05,Juliaca,new,buyer0135@example.pe
3c17ec7c-a906-4f72-b850-094f557bbe52,2026-05-28,Chiclayo,retail,buyer0136@example.pe
d4fa7dfd-0ffe-4774-812f-d554f5675221,2026-03-26,Arequipa,vip,buyer0137@example.pe
9b59acad-8db0-44c4-b089-bcc1cc028dbf,2026-08-09,Cusco,vip,buyer0138@example.pe
f767d21e-30d7-48d9-9742-0e3777a4319c,2026-04-27,Tacna,new,buyer0139@example.pe
210a4171-d1e1-4eef-8ee4-66c44aae869a,2026-03-22,Piura,retail,buyer0140@example.pe
0165ef69-3b96-403c-b81b-953fee6c8f93,2026-07-17,Tacna,wholesale,buyer0141@example.pe
d43684f7-b0c8-494f-8996-f17d47f58b0b,2026-06-17,Trujillo,wholesale,buyer0142@example.pe
16d2de38-8593-4310-8225-5ac603823e8a,2026-09-18,Cajamarca,vip,buyer0143@example.pe
8b0c5e83-a777-46d0-85a8-f31ab818207d,2026-05-12,Arequipa,new,buyer0144@example.pe
5307ce7f-6c53-43dd-8b61-61108466c944,2026-09-26,Lima,vip,buyer0145@example.pe
983f56cb-6710-40b1-bec9-969a30b40a85,2026-05-31,Ica,wholesale,buyer0146@example.pe
1b80d010-ffd1-4dd1-b582-986e480a6015,2026-04-16,Piura,new,buyer0147@example.pe
06d37785-8b38-4349-a2ce-c22121b8e3c0,2026-09-26,Chiclayo,retail,buyer0148@example.pe
5be7c870-8376-4ba4-ba2b-c8a73d9fd790,2026-05-04,Cusco,new,buyer0149@example.pe
ce03a5e1-0cbb-4941-819e-7dbd09f14c22,2026-09-22,Tacna,wholesale,buyer0150@example.pe
2f63fde1-867a-4be8-8311-797430168219,2026-08-14,Lima,retail,buyer0151@example.pe
0d79cb79-02e7-4418-8da6-fdbda01e1620,2026-06-21,Ica,retail,buyer0152@example.pe
eea44e6c-a770-4789-a4d5-0267f36c9ea2,2026-09-18,Chimbote,retail,buyer0153@example.pe
c6a7bd70-ef0f-4fc1-9ed5-758c4e46b8e9,2026-04-10,Iquitos,wholesale,buyer0154@example.pe
3460a857-ad5c-43f0-a4b3-2a76048b6a95,2026-05-15,Arequipa,vip,buyer0155@example.pe
be2cc938-34ef-49b0-ac41-c8219929c599,2026-07-24,Trujillo,wholesale,buyer0156@example.pe
ca5ec968-c7e9-4746-a7ca-49d42fea1179,2026-07-24,Chimbote,new,buyer0157@example.pe
8b3dc529-2400-4fd3-b7df-c08128dc7f7d,2026-05-02,Chimbote,vip,buyer0158@example.pe
272a5f90-a862-46ef-8f00-a376f970a2f3,2026-06-28,Chimbote,retail,buyer0159@example.pe
d5ca3e4e-2d7e-431c-9596-27d514f7ffc5,2026-08-31,Trujillo,new,buyer0160@example.pe
2ce190bd-32de-4b98-9689-d7fe40a43bfd,2026-05-22,Cajamarca,wholesale,buyer0161@example.pe
12a718ca-2c1a-43bc-aee0-624d4de6536c,2026-06-17,Chimbote,wholesale,buyer0162@example.pe
e541a716-9ff4-4821-ae23-fd645d7331b5,2026-04-10,Piura,retail,buyer0163@example.pe
c76aa9b3-5ae0-49d2-911c-4db1ed1be383,2026-05-12,Iquitos,new,buyer0164@example.pe
deac50d3-6f40-4a48-8b5c-acaee72d98d1,2026-04-22,Chiclayo,retail,buyer0165@example.pe
0ab99bdf-113b-40d5-9e84-bdc1af29c476,2026-09-15,Juliaca,new,buyer0166@example.pe
f192e0ed-3965-4cd7-afe2-5c91df8fb025,2026-04-13,Arequipa,vip,buyer0167@example.pe
63dd8d2c-4ce0-4527-a88d-cfa86cb6c071,2026-09-15,Huancayo,wholesale,buyer0168@example.pe
4c93c421-ff62-4615-85dd-c2e55419e3ff,2026-07-13,Iquitos,new,buyer0169@example.pe
cea69192-4869-4227-b9d6-a5a0ae413e91,2026-07-31,Cusco,vip,buyer0170@example.pe
656140a7-51ae-4e1e-ad91-bc12bc977022,2026-03-21,Iquitos,wholesale,buyer0171@example.pe
f5f54f1a-8708-454d-bf93-3b9479e440c4,2026-08-05,Piura,vip,buyer0172@example.pe
a99f3175-6c88-48fe-9015-db957c876ebb,2026-08-08,Huancayo,new,buyer0173@example.pe
217ac775-e8cd-4ff0-8064-76d28fecd732,2026-05-30,Trujillo,new,buyer0174@example.pe
6d5945f5-aac2-4bd0-8253-916d453a7815,2026-07-29,Piura,new,buyer0175@example.pe
a5a236f6-dcb7-463e-b286-60b26412fedf,2026-07-05,Tacna,new,buyer0176@example.pe
6b30949f-7401-4c94-be6f-c31c21c747c2,2026-04-13,Pucallpa,wholesale,buyer0177@example.pe
0bd34842-e1a2-47b8-90dd-2c6ecc293ec4,2026-06-14,Pucallpa,vip,buyer0178@example.pe
a7f402cd-39f4-4dc3-a0f5-883415d6235f,2026-09-28,Tacna,vip,buyer0179@example.pe
4749a5ea-15ad-40da-acbb-5c0fcebbd86e,2026-09-21,Juliaca,wholesale,buyer0180@example.pe
c202b659-a768-4897-bdf8-9ca61dcf23b6,2026-09-07,Chimbote,wholesale,buyer0181@example.pe
efcf5f3f-7fa9-4758-81d1-6e79cc303f87,2026-03-22,Chimbote,new,buyer0182@example.pe
a8d5d713-57a9-4eac-a9e4-afce7ef72d0b,2026-04-12,Trujillo,retail,buyer0183@example.pe
f43453d5-9613-4bb8-9f17-a8b917b1009d,2026-09-09,Juliaca,vip,buyer0184@example.pe
66c538cb-6ba7-4de7-b6a7-10a137c4d642,2026-07-07,Piura,wholesale,buyer0185@example.pe
8fb2f654-f204-4ea9-a628-c0a87b0b68d6,2026-04-22,Juliaca,vip,buyer0186@example.pe
d084fc41-c2d1-4ab3-af53-3d30a7f6d2e8,2026-08-04,Juliaca,retail,buyer0187@example.pe
6b9526c3-0cb9-4643-bf04-e9d1bc7bdc6c,2026-09-10,Chimbote,retail,buyer0188@example.pe
2d32846d-ffb4-41ab-802c-8614c9205e6e,2026-04-19,Cajamarca,new,buyer0189@example.pe
6b532dd6-97d4-4597-a091-b8cb551275b7,2026-08-14,Pucallpa,new,buyer0190@example.pe
1a79a34b-9a49-4c0e-a6fd-74c7023794b3,2026-07-16,,retail,buyer0191@example.pe
4f1a52c5-ddd5-4dcd-a3ed-af773d4ea8d2,2026-08-26,Pucallpa,new,buyer0192@example.pe
361489eb-a1fc-4e65-88c6-139b9028529d,2026-04-15,Cajamarca,retail,buyer0193@example.pe
011a3b79-1122-4a2b-af00-9d655fc7e421,2026-07-04,Chiclayo,wholesale,buyer0194@example.pe
815b96fb-b5c4-4a3a-8dab-8a336d8a6a68,2026-06-13,Cajamarca,wholesale,buyer0195@example.pe
60bc8323-8a97-4577-a433-0bc585514c0e,2026-05-30,Cusco,vip,buyer0196@example.pe
541bfb8b-fd17-45f2-b410-b61469787f28,2026-08-24,Iquitos,vip,buyer0197@example.pe
4763db35-43aa-458c-8829-2d8c2080fa9f,2026-09-22,Cusco,new,buyer0198@example.pe
4fed5ccc-e40f-41c1-9ca2-bbf6b98c2f47,2026-08-13,Iquitos,wholesale,buyer0199@example.pe
eb475e2c-c730-42fe-b890-74894d135629,2026-04-04,Lima,wholesale,buyer0200@example.pe
b8a81eb3-1ea6-40c9-b96d-486b0077e7cb,2026-08-07,Cajamarca,vip,buyer0201@example.pe
8d6a21c6-be54-497c-a44d-3d22a082bf8e,2026-03-24,Chimbote,retail,buyer0202@example.pe
f3e61789-4928-46dd-b493-0b84a5582ca0,2026-05-20,Chimbote,new,buyer0203@example.pe
755b4372-482a-4ca1-aeef-b0df5d57c290,2026-07-31,Cajamarca,retail,buyer0204@example.pe
88f05240-7b15-4c96-b929-9ebbda883d61,2026-05-10,Chiclayo,new,buyer0205@example.pe
dda91f70-e4e5-4090-9aa5-4b12f7becfaa,2026-08-15,Huancayo,wholesale,buyer0206@example.pe
bf2698f5-7f26-4fce-9c8d-dc61cc8918ad,2026-09-19,,new,buyer0207@example.pe
6fbbb05e-1f7a-4fda-a64c-e76e4f72668c,2026-05-17,Juliaca,vip,buyer0208@example.pe
fc1b4094-c1e5-492b-99cd-0335d30de363,2026-08-07,Ica,vip,buyer0209@example.pe
9751c435-62c3-4ca4-a346-79cd6ee908d3,2026-08-20,Cusco,retail,buyer0210@example.pe
bbb87787-eabd-4aa8-b832-31e686ef369b,2026-05-03,Ica,vip,buyer0211@example.pe
80c0480c-6b64-467a-abbb-d8c93dcf6d4f,2026-07-09,Ica,new,buyer0212@example.pe
eb83fed2-f82f-41e4-a22e-05e5e1998f64,2026-06-26,Tacna,vip,buyer0213@example.pe
b23630ac-8203-48b6-b534-c6e1897ee209,2026-08-05,Trujillo,vip,buyer0214@example.pe
2bb8a28c-57ed-409b-b430-c619ce20ef41,2026-03-20,Iquitos,retail,buyer0215@example.pe
b0e753ad-bfc7-4ac8-9cec-c9dfcbc960ad,2026-08-31,Trujillo,new,buyer0216@example.pe
49a6c247-17d5-4fda-8bfe-79444a5becb6,2026-04-21,Juliaca,vip,buyer0217@example.pe
6053dd65-00e8-4f4a-9e5f-d8bf4ab531cd,2026-04-06,Ica,vip,buyer0218@example.pe
f02747b3-0b61-4197-9d6b-fdfa1e7cc0d2,2026-06-26,Huancayo,wholesale,buyer0219@example.pe
74db3ee4-ba63-4347-8faf-ee38a3ae6b73,2026-09-24,Ica,new,buyer0220@example.pe
a739b6ca-3aa0-439f-a4ed-d75e47d00d47,2026-06-24,Trujillo,wholesale,buyer0221@example.pe
6ff36690-1e16-485f-a21d-3c1a69687ba1,2026-05-30,Juliaca,retail,buyer0222@example.pe
5678ce0a-ee33-4162-bfbe-5c5364436ed4,2026-05-12,Juliaca,vip,buyer0223@example.pe
3fa4be75-78ee-4deb-b0e4-a4f7735e9b14,2026-06-15,Juliaca,retail,buyer0224@example.pe
d6c06183-b4b2-47bb-a596-3b990e2be405,2026-08-28,Arequipa,retail,buyer0225@example.pe
5c3c0a8e-75ed-4622-8f3f-934fdbbe000e,2026-09-17,Lima,vip,buyer0226@example.pe
398a5d40-1579-4679-82bf-b6326540301f,2026-07-23,Pucallpa,vip,buyer0227@example.pe
9315533f-1b04-4025-843d-97dbb8e98669,2026-05-20,Cusco,wholesale,buyer0228@example.pe
e6f4ad94-be9a-4bfb-9562-9357874a27cb,2026-07-12,Iquitos,vip,buyer0229@example.pe
7735c7f0-3161-4e82-9db7-250631dbf561,2026-06-17,Chiclayo,wholesale,buyer0230@example.pe
7f87bcb3-dd93-498d-be22-1dc5543a49c8,2026-05-18,Trujillo,retail,buyer0231@example.pe
4afce755-fe29-450e-ba0a-821deb2211a3,2026-06-01,Chiclayo,new,buyer0232@example.pe
7374b014-fd71-4139-bc39-5939d6894258,2026-06-14,Chimbote,vip,buyer0233@example.pe
581db72e-fa0c-46a8-9bad-db7aa0c9e842,2026-06-25,Ica,retail,buyer0234@example.pe
df6a11d5-06aa-4ecf-85e1-5b966296c044,2026-07-27,Arequipa,vip,buyer0235@example.pe
6b667359-b0c4-45a2-8472-09e0d1593c63,2026-04-10,Huancayo,retail,buyer0236@example.pe
e45be8ac-0ad1-4357-9d3c-9ab82dd99f97,2026-07-18,Huancayo,vip,buyer0237@example.pe
4215b7d9-b916-47e3-9e2c-4b8ec33496b0,2026-05-26,Arequipa,retail,buyer0238@example.pe
bfff3423-2d46-401c-bddd-489ab14be63f,2026-06-12,Arequipa,new,buyer0239@example.pe
90ca32ad-0623-47d6-828e-b91d7d888878,2026-08-11,Chimbote,new,buyer0240@example.pe
2f2a234d-6854-4d98-b8da-3f1f9366fd4c,2026-05-26,Huancayo,new,buyer0241@example.pe
a0ba7906-8c74-4fc5-a6c8-c283d6f88394,2026-04-21,Huancayo,wholesale,buyer0242@example.pe
d3097284-ea47-4773-ad38-05927a7a0c74,2026-09-26,Huancayo,wholesale,buyer0243@example.pe
a7ca5db8-8977-40c4-bab7-7f75dbefba57,2026-07-08,Arequipa,new,buyer0244@example.pe
4dc8a09b-d1ba-493a-befb-f821d38b86e1,2026-04-11,Ica,new,buyer0245@example.pe
4e52be87-ca3e-4637-8ba2-1a85853a3113,2026-03-30,Cusco,new,buyer0246@example.pe
50837819-b0af-4c20-a45f-db128f20e8e6,2026-08-19,Piura,retail,buyer0247@example.pe
afb41a16-a95d-4a90-982d-92c4dba8ef39,2026-06-28,Ica,vip,buyer0248@example.pe
afee4f14-89de-4dab-b2f3-ffc46b562d8e,2026-05-06,Trujillo,retail,buyer0249@example.pe
c2aaeef4-ffb5-4dbb-95ff-4a6bebc6bb03,2026-05-09,Ica,wholesale,buyer0250@example.pe
8a56649b-c7df-455e-9564-0e40d0e8577f,2026-07-09,Chiclayo,new,buyer0251@example.pe
be4620b4-1165-4703-89bd-c480f972f466,2026-08-03,Cusco,wholesale,buyer0252@example.pe
701cda5b-85cf-46d8-a9ff-b2b9d4bd88fe,2026-06-08,Huancayo,new,buyer0253@example.pe
c43e660d-c32f-42fa-af05-6185e3d4bc3a,2026-05-23,Lima,retail,buyer0254@example.pe
6809b22a-94c8-40ef-944f-b35f06656229,2026-09-09,Tacna,retail,buyer0255@example.pe
6ee82c33-24d3-4dc8-9c89-8fc08ee19b54,2026-06-03,Cajamarca,vip,buyer0256@example.pe
6141214e-f7a0-49a3-bc70-d8e6eb8c5f86,2026-03-21,Cajamarca,new,buyer0257@example.pe
117d0042-dff4-48f2-bac2-21c3ccc7b01d,2026-07-13,Chiclayo,new,buyer0258@example.pe
77e5d5a8-0dff-4bc6-8b4d-77ffcc13d8cf,2026-07-25,Pucallpa,vip,buyer0259@example.pe
73fe410c-7466-4d96-8f06-67a2e4c5a86a,2026-06-16,Lima,vip,buyer0260@example.pe
adddcb7f-f777-44c3-b797-38c779738306,2026-07-25,Juliaca,new,buyer0261@example.pe
db45798d-59cd-427f-90f9-2b3ac6e81bd9,2026-09-08,,new,buyer0262@example.pe
784c4e82-1907-42a2-96d0-a3d772338838,2026-09-25,Tacna,new,buyer0263@example.pe
d43461b2-0512-43a9-a5c5-a6cb92166834,2026-04-07,Arequipa,new,buyer0264@example.pe
f60ce4d4-f3fe-462b-85ee-8de5b4e14e16,2026-09-15,Pucallpa,new,buyer0265@example.pe
a7e84bf7-ab00-4aeb-b9b0-1b96f1e4b245,2026-08-02,Juliaca,wholesale,buyer0266@example.pe
06cf8791-84c3-4819-999c-90202eef5b4f,2026-04-04,Juliaca,vip,buyer0267@example.pe
1af80749-a1fd-40cc-b540-973a52283935,2026-07-04,Arequipa,vip,buyer0268@example.pe
9d4dd53c-665f-4298-915d-9f28e33a2afc,2026-09-07,Pucallpa,vip,buyer0269@example.pe
3777ce28-1286-4576-a512-b4e2b633c86d,2026-06-01,Pucallpa,wholesale,buyer0270@example.pe
22f22e80-026d-470a-bb6c-8470423b5205,2026-05-13,Pucallpa,new,buyer0271@example.pe
1a30b3c0-4a65-4197-bc63-d767161d9aa2,2026-04-14,Trujillo,retail,buyer0272@example.pe
a56c1b16-467d-4c06-b3cc-0e97e2a70314,2026-06-14,Ica,vip,buyer0273@example.pe
e405e8b2-b78b-415d-a1e2-808a7889b09d,2026-03-21,Iquitos,vip,buyer0274@example.pe
084d654e-75e4-4463-8305-1e92aaf3471a,2026-07-05,Chimbote,vip,buyer0275@example.pe
fa4db3e7-146d-4312-b7e9-1aeb00361c36,2026-06-20,Chiclayo,retail,buyer0276@example.pe
8a0786ac-09a0-4de2-82ce-faebace17e17,2026-08-29,Iquitos,vip,buyer0277@example.pe
5e0b8dde-3475-4b12-9a07-71146cd6fa38,2026-06-06,Arequipa,retail,buyer0278@example.pe
2afe5f2d-4ba3-4d7b-a6a2-40ea68a157a6,2026-05-27,Juliaca,wholesale,buyer0279@example.pe
0acfc1e5-b33a-44ce-bb7a-781c5d9f9fc7,2026-04-26,Piura,vip,buyer0280@example.pe
96d74840-e363-4111-8751-c33bdc3f5b81,2026-04-13,Cajamarca,retail,buyer0281@example.pe
b6764799-76bc-4639-bf19-49fa4244a08c,2026-09-13,Chiclayo,new,buyer0282@example.pe
d78b9834-9ce1-4cc8-ab5d-ef2ef61815e4,2026-07-02,Tacna,retail,buyer0283@example.pe
2c604468-97e3-4090-98e7-ff4a66e19c50,2026-07-01,Chimbote,retail,buyer0284@example.pe
023dffe1-7484-423e-9aba-df88016aaed1,2026-05-14,Cajamarca,vip,buyer0285@example.pe
35cea61a-cc63-4bc8-9512-4795cd9d0b0f,2026-09-01,Ica,vip,buyer0286@example.pe
2f91c6f6-3392-4c80-88f9-8351268da29d,2026-06-12,Piura,wholesale,buyer0287@example.pe
322a1bd5-3ef1-4500-b2ca-8096b5e1ad1e,2026-09-30,Tacna,vip,buyer0288@example.pe
37bcf0cb-fe4e-42a7-9667-0153c58e58ff,2026-09-24,Tacna,wholesale,buyer0289@example.pe
119c0741-0c2a-4ce0-b702-b7af7b2591a9,2026-07-31,Iquitos,retail,buyer0290@example.pe
2419006b-0926-4d3c-9fd7-8b33bd91dc0f,2026-04-08,Arequipa,retail,buyer0291@example.pe
c5b2ff22-c8e3-41cd-9b35-74ab85f53ad6,2026-09-15,Lima,vip,buyer0292@example.pe
4b80efeb-c237-4174-abe3-0c088eb1f99f,2026-03-25,Piura,vip,buyer0293@example.pe
abaa6667-ac94-49ee-bde2-b501dcba97da,2026-06-14,Tacna,wholesale,buyer0294@example.pe
015cf2be-a4df-4ece-b55e-fb173d14ddca,2026-09-06,Ica,retail,buyer0295@example.pe
63ef388d-2232-4405-9196-7720c7736aaf,2026-08-01,Chiclayo,vip,buyer0296@example.pe
d8952c2f-7ed0-40b7-bb1c-433fbf6b17e7,2026-04-15,Iquitos,new,buyer0297@example.pe
b3e4c4f9-1070-4961-ae87-2c1ffbdd4675,2026-07-07,Chimbote,wholesale,buyer0298@example.pe
8c788785-f094-4a9a-80a7-6ba2bbe80e59,2026-08-08,Iquitos,new,buyer0299@example.pe
5d7cd744-869d-4988-b876-b48821642f50,2026-07-20,Lima,wholesale,buyer0300@example.pe
4a1ce08d-1ec0-4c62-9dc4-0dd07562c4d6,2026-05-20,Chiclayo,vip,buyer0301@example.pe
9cdac7ca-0e26-40df-ba5b-443c0f978994,2026-05-28,Trujillo,new,buyer0302@example.pe
91f59ed5-e27e-488c-b25b-24f9a744c7c6,2026-03-29,Lima,retail,buyer0303@example.pe
75337039-c5c7-414a-ad10-4d14b0706254,2026-09-13,Chiclayo,vip,buyer0304@example.pe
958c498c-c61b-446d-85e1-9e24dafafff7,2026-05-08,Trujillo,new,buyer0305@example.pe
5ee9c7fa-9a17-4554-9078-272d40c4828a,2026-05-29,Cusco,wholesale,buyer0306@example.pe
387e4c9d-e32a-4bc0-98d5-131425739778,2026-04-26,Trujillo,new,buyer0307@example.pe
aa2159fc-721d-493a-995a-df566ea2dde3,2026-07-15,Juliaca,wholesale,buyer0308@example.pe
544ca703-42d7-4ea4-a72e-40a044ecad98,2026-03-26,Tacna,retail,buyer0309@example.pe
561a23c7-5ae3-4bed-afbb-47c53a54dc1b,2026-08-16,Arequipa,wholesale,buyer0310@example.pe
1306d425-c311-4f9b-8af7-735a7f630caf,2026-08-24,Lima,retail,buyer0311@example.pe
cb43c134-0f2e-49b8-88bf-2094199e5db6,2026-08-12,Cajamarca,wholesale,buyer0312@example.pe
b9b88b85-3115-4cf7-8701-8b8653ad5596,2026-05-17,Ica,retail,buyer0313@example.pe
568e0848-4154-4c33-936a-9c1f21f9fa6b,2026-08-12,Iquitos,wholesale,buyer0314@example.pe
fd166f9d-7f71-4a47-9403-5e9ecee2da3f,2026-06-29,Huancayo,new,buyer0315@example.pe
afd56ba2-fd07-4f2d-b125-7869fb206f20,2026-04-25,Huancayo,wholesale,buyer0316@example.pe
e0042dc2-c04d-4bdc-b17b-e0a3e25311dd,2026-08-16,Arequipa,new,buyer0317@example.pe
830c7df5-6467-433b-bf47-4a58e0953621,2026-08-20,Cajamarca,vip,buyer0318@example.pe
d4be69b4-6c79-40e9-aa2e-5ca5192049d8,2026-08-10,Lima,new,buyer0319@example.pe
b7c680a6-84e5-47d6-b3bf-6d57f2eb99a8,2026-05-20,,vip,buyer0320@example.pe
8eb2ae34-b7bf-4544-80ed-a388f8b402b8,2026-08-22,Pucallpa,retail,buyer0321@example.pe
b5e9d945-8958-4cc8-9f90-7ae032686344,2026-08-10,Ica,wholesale,buyer0322@example.pe
1c8efa06-7447-4fd2-b96d-3a0af0611218,2026-04-26,Cusco,wholesale,buyer0323@example.pe
3cdb632b-b197-4a4f-86f9-16262385d4e0,2026-08-14,Iquitos,wholesale,buyer0324@example.pe
398e134f-e97a-4f8d-b454-30680dc58180,2026-04-10,Iquitos,retail,buyer0325@example.pe
6ccf67e9-a492-4e00-b91c-4dd1ad4f0257,2026-05-24,Huancayo,vip,buyer0326@example.pe
055b24e8-00f9-45be-959b-05332c292040,2026-07-22,Trujillo,retail,buyer0327@example.pe
0fca0ca9-a87f-44cb-9537-347346e676d6,2026-04-04,Huancayo,retail,buyer0328@example.pe
ca6209fc-aba4-4435-89d9-94ff2a41183e,2026-04-22,Tacna,new,buyer0329@example.pe
5fa52602-705f-45ea-9b5c-11662c5a54d6,2026-09-10,Huancayo,wholesale,buyer0330@example.pe
bedb21a8-08e4-40ed-9977-27bc309e057b,2026-08-09,Arequipa,new,buyer0331@example.pe
9eb9ed31-75f3-4717-811e-857a38b3fff8,2026-08-08,Iquitos,new,buyer0332@example.pe
367401ee-a448-4320-8b44-8bc51bdf0a36,2026-08-02,Juliaca,vip,buyer0333@example.pe
2caeb02f-23a5-4527-915c-7a11018d1f6b,2026-08-26,Trujillo,wholesale,buyer0334@example.pe
8d07d794-bf95-4b1e-a1bd-04b5823cb12e,2026-04-13,Pucallpa,wholesale,buyer0335@example.pe
603edfb4-fa8b-413d-87a0-20746302a213,2026-06-02,Ica,wholesale,buyer0336@example.pe
167263b9-62ab-4c56-b60e-cda87e3c16c9,2026-03-28,Iquitos,retail,buyer0337@example.pe
3da6dafb-d908-4fa9-b9d1-94336d3a4a3b,2026-09-28,Ica,retail,buyer0338@example.pe
db42478f-ecbc-4611-b809-ee1607b89739,2026-03-24,Tacna,vip,buyer0339@example.pe
795fc802-4d4d-4feb-a971-a2107b12a8e8,2026-07-21,Tacna,retail,buyer0340@example.pe
94424430-c506-4bda-8e56-75b706d4e9a3,2026-09-02,Tacna,wholesale,buyer0341@example.pe
bcd51f6a-f39a-490a-a3b8-d3f8cce89550,2026-07-14,Ica,wholesale,buyer0342@example.pe
06ea0ff4-de1f-4456-ad6c-37417ec5ea5d,2026-09-01,Ica,retail,buyer0343@example.pe
bcd59ce1-972b-4e78-931c-15ca12b1a654,2026-09-26,Lima,wholesale,buyer0344@example.pe
7a6d0709-f364-4f3a-88b6-ab1b01b205f2,2026-05-02,Juliaca,vip,buyer0345@example.pe
fdcfb667-afb2-4436-95e0-a492171e10af,2026-08-11,Juliaca,vip,buyer0346@example.pe
aaba8228-285b-4d15-a105-9b3ea8796b01,2026-05-10,Ica,retail,buyer0347@example.pe
7b1e0eda-a51c-4454-833c-f0c066970a7d,2026-05-11,Huancayo,retail,buyer0348@example.pe
e3079dfe-e526-47bc-b634-ec12d0a8095d,2026-05-13,Juliaca,vip,buyer0349@example.pe
5a34b964-1666-4125-9289-ea12d1f6c053,2026-04-27,Cajamarca,retail,buyer0350@example.pe
fcc7dc79-5d82-4692-9adb-5e30673d411e,2026-09-08,Chiclayo,new,buyer0351@example.pe
34dae421-3cb4-4118-9fdf-e04b448c9d92,2026-09-17,Trujillo,retail,buyer0352@example.pe
063bda34-c878-40a8-a321-b93c319c3a4a,2026-07-28,Arequipa,wholesale,buyer0353@example.pe
7689c687-0199-46c0-ac66-6fe61b037a1c,2026-09-01,Chiclayo,retail,buyer0354@example.pe
a12567d3-c73d-4034-93ee-61b03e2b02b1,2026-05-13,Cusco,retail,buyer0355@example.pe
7be7f7fa-05b1-48f3-be5a-3563436aa8b9,2026-07-24,Pucallpa,wholesale,buyer0356@example.pe
0dfbc3a1-a728-4873-8bbf-babb25a3fea4,2026-09-22,Tacna,retail,buyer0357@example.pe
8337e7b7-93eb-4099-85b1-88ac7a7b9376,2026-08-09,Juliaca,vip,buyer0358@example.pe
022a424e-e532-4d17-ad7a-5abe117711d1,2026-05-20,Arequipa,vip,buyer0359@example.pe
f6007b28-2fbb-4233-89c5-f1a5e842b119,2026-04-13,Chimbote,new,buyer0360@example.pe
a12b17b4-4f19-4b33-8317-14f9c592439d,2026-05-19,Piura,vip,buyer0361@example.pe
01f541be-1f2b-4617-8c9c-aa5c439164e6,2026-04-03,Piura,wholesale,buyer0362@example.pe
907e3ee0-5dff-48fe-9d89-853fde48152a,2026-06-19,Piura,retail,buyer0363@example.pe
bb42233a-24cb-411e-acd3-e7799e95d78b,2026-06-15,Huancayo,retail,buyer0364@example.pe
78d58dda-aee9-472c-a706-8f4cc413d886,2026-09-03,Iquitos,wholesale,buyer0365@example.pe
4ef94ee4-2c04-420f-a961-79b86b9db999,2026-04-18,Lima,vip,buyer0366@example.pe
db5739a1-3cbc-4088-973b-25679113455d,2026-06-17,Chiclayo,retail,buyer0367@example.pe
ae839baa-4436-4de5-bd20-1792a1217486,2026-03-23,Cusco,retail,buyer0368@example.pe
4288c93b-e94c-4789-97fa-934b85b9bb2c,2026-04-06,Cajamarca,new,buyer0369@example.pe
3cd7051a-e18e-47b2-81a1-d8c5bfd31f66,2026-05-23,Pucallpa,wholesale,buyer0370@example.pe
d59c885b-fef4-492d-ae52-df9813ef2edf,2026-04-19,Piura,wholesale,buyer0371@example.pe
624588c6-e3e4-48c7-8042-6590cb49b87e,2026-05-17,Pucallpa,vip,buyer0372@example.pe
b682208a-1d3e-443e-bf57-54913f081d44,2026-09-25,Juliaca,new,buyer0373@example.pe
bcf5a1d6-271b-459d-aa3b-f3171c7900f5,2026-09-10,,retail,buyer0374@example.pe
80c6fc70-5d77-4b18-acdb-b4bb7161a163,2026-07-27,Ica,new,buyer0375@example.pe
da018864-b415-4842-9ac2-8a0f61daa001,2026-04-04,Pucallpa,retail,buyer0376@example.pe
35e73eb1-39b1-4831-a8e0-1b63c6d6ae7a,2026-04-09,Chiclayo,retail,buyer0377@example.pe
c265fb93-2cd0-42ab-8cd9-3ee3a4e6a7e5,2026-05-05,Chimbote,vip,buyer0378@example.pe
ddb69adb-5087-4551-bbb5-6216f54b16a2,2026-07-06,Trujillo,vip,buyer0379@example.pe
f6f6db98-2a07-49ff-99c7-1c35f0068ede,2026-06-22,Trujillo,wholesale,buyer0380@example.pe
eee67a24-7086-41f2-956e-412ad7220ac9,2026-07-27,Chiclayo,wholesale,buyer0381@example.pe
bc66d068-5d23-4fb4-9b78-89981015a77e,2026-09-08,Ica,vip,buyer0382@example.pe
e8d54ae7-208f-47bb-a52f-14296a9c22d7,2026-05-28,Juliaca,retail,buyer0383@example.pe
ce904708-ba06-41bf-bc0d-613b7023bc69,2026-06-08,Lima,new,buyer0384@example.pe
9d65bf36-a83d-4565-b16f-d792c507e3e5,2026-05-06,Lima,vip,buyer0385@example.pe
8820ec3a-b879-4c92-8be0-de9ec4af5921,2026-03-20,Huancayo,retail,buyer0386@example.pe
c54317f0-fafe-4276-ae36-0d4a1ff82a88,2026-08-29,Juliaca,vip,buyer0387@example.pe
d6fc4a4a-464c-471b-b796-3551dd6840ce,2026-06-30,Ica,new,buyer0388@example.pe
a6375c1d-8338-4efa-b68d-f90530c74380,2026-04-29,Lima,wholesale,buyer0389@example.pe
1993c71b-2bc4-4abb-8d7a-42592c320af7,2026-09-03,Juliaca,retail,buyer0390@example.pe
e70bbc55-d2be-4047-8a60-ba84ad22c3ee,2026-07-12,Piura,vip,buyer0391@example.pe
a64ae7df-b059-4206-95f1-3b82758406c1,2026-09-02,Huancayo,retail,buyer0392@example.pe
6121588d-c115-477b-b6ba-e0ec3951376a,2026-08-11,Pucallpa,vip,buyer0393@example.pe
6da820d8-f09d-44df-bc55-710da59238d3,2026-04-09,Juliaca,vip,buyer0394@example.pe
6685c30b-1692-4d22-871c-3c28bd3016b6,2026-07-13,Tacna,wholesale,buyer0395@example.pe
28c0d5c4-145b-4caa-99c3-0c38d8bc69e3,2026-07-21,Chiclayo,new,buyer0396@example.pe
18efe406-6876-49c2-8377-b1d4c8b5fee1,2026-07-30,Piura,wholesale,buyer0397@example.pe
1a467541-cdc7-4a8d-8d56-118527ceb2c5,2026-06-28,,vip,buyer0398@example.pe
908a0a58-b4bb-4980-a6ec-61d254468cfe,2026-07-18,Piura,vip,buyer0399@example.pe
cced02b4-6156-426b-b179-256213e038ef,2026-09-19,Chimbote,retail,buyer0400@example.pe
fe835a94-bf06-4b18-a6bc-ee6fd65a1f78,2026-08-12,Piura,new,buyer0401@example.pe
18077327-1f37-4ba8-903b-3ea3cd90b85e,2026-08-19,Cusco,vip,buyer0402@example.pe
8a7555fc-c468-4d83-b83c-25fccfdde609,2026-06-02,Ica,vip,buyer0403@example.pe
cd10f4d7-0257-483f-b803-cf8bdd6222e3,2026-05-09,Cusco,vip,buyer0404@example.pe
2c87f330-93a6-4a1c-acd5-461078e4c0a5,2026-04-06,,wholesale,buyer0405@example.pe
6b58a9f2-3af6-4405-9a2f-3e2cf3b74982,2026-08-31,Juliaca,new,buyer0406@example.pe
c72dd78b-29bd-413c-95f8-29e8b6ff3100,2026-06-02,Chimbote,wholesale,buyer0407@example.pe
f52b6746-609a-459f-b0a9-5c03b6896e84,2026-05-17,Arequipa,retail,buyer0408@example.pe
e17528a6-f43a-460a-9047-a3c903fdeae5,2026-04-13,Huancayo,vip,buyer0409@example.pe
224b85ae-00f1-4c2d-b1f2-da6139ad614a,2026-09-14,Pucallpa,vip,buyer0410@example.pe
5cc569f3-5c89-48d5-abef-1f39d4861d1d,2026-08-19,Chimbote,new,buyer0411@example.pe
3e5fdb45-99b3-4bac-9f67-1a3e50d7bbeb,2026-08-20,Huancayo,new,buyer0412@example.pe
a6b495f8-d8c9-4826-b737-5720ac871a4a,2026-04-13,Cajamarca,vip,buyer0413@example.pe
324564f2-be5e-4966-afad-3c657403af07,2026-09-02,Cajamarca,new,buyer0414@example.pe
a34bafb9-1986-436d-bdbf-3dcb52b05158,2026-05-17,Piura,vip,buyer0415@example.pe
ee405e69-acb7-4c52-82f9-1053cda5a1d4,2026-07-11,Arequipa,wholesale,buyer0416@example.pe
44b866a3-cd26-41db-b178-482a4dcdb397,2026-08-19,Cusco,vip,buyer0417@example.pe
fa1aaf88-5801-46e0-bfdc-045093e7a76b,2026-04-24,Piura,new,buyer0418@example.pe
42bbaa43-3082-4632-81e7-9a3fc8e2482f,2026-06-10,Tacna,vip,buyer0419@example.pe
20463886-05ca-406b-8663-923fe6665022,2026-07-19,Ica,vip,buyer0420@example.pe
fc82bf19-7396-48c8-90fa-62b154771155,2026-09-27,Pucallpa,wholesale,buyer0421@example.pe
4823b1d5-e437-4a30-bb93-b30bbd2ab78f,2026-09-23,Trujillo,wholesale,buyer0422@example.pe
2af92c84-2ffd-4852-9bbe-0133c2ed5200,2026-08-19,Cajamarca,wholesale,buyer0423@example.pe
d584c8a3-5316-4a31-9fe3-a81393b81785,2026-06-19,Iquitos,vip,buyer0424@example.pe
3f6fca09-7fcb-4ade-afdd-e12e97a8730a,2026-08-12,Pucallpa,wholesale,buyer0425@example.pe
66450343-b390-4a91-ac38-41e26bc6c8e1,2026-05-04,Piura,vip,buyer0426@example.pe
c4b4e306-4b2e-4367-9ca9-e1e419f4cc5f,2026-06-09,Arequipa,new,buyer0427@example.pe
16b345a6-2b44-4b31-beac-8d0745e98db1,2026-06-12,Cajamarca,retail,buyer0428@example.pe
1eaac94b-a7bf-488e-9edf-1643a4126048,2026-04-12,Arequipa,new,buyer0429@example.pe
9308ede6-3016-4e5f-902c-6fb90cb758de,2026-07-13,Chiclayo,new,buyer0430@example.pe
a2a1c4f7-5577-4141-9fbb-df1c37985bad,2026-09-20,Tacna,wholesale,buyer0431@example.pe
db8a4ed0-5c9b-447e-8247-a000bf9a92fc,2026-04-24,Cusco,wholesale,buyer0432@example.pe
ee13bfad-1cb4-4be7-88d1-45b16ff1552d,2026-05-15,Tacna,retail,buyer0433@example.pe
64ee2a70-2f98-45eb-ab51-310dd29695e2,2026-05-18,Piura,retail,buyer0434@example.pe
42d45561-d9f5-446d-affe-8634c8d634a2,2026-06-25,Tacna,vip,buyer0435@example.pe
ad622294-f2b0-4d79-a5ab-4e0b778bca50,2026-05-22,Iquitos,vip,buyer0436@example.pe
1a5dc441-b2c3-49d1-9ae5-de85bff80383,2026-03-20,Cusco,retail,buyer0437@example.pe
0e686300-11f1-48a9-9d87-1402faa4867d,2026-04-16,Iquitos,wholesale,buyer0438@example.pe
f08d19b0-2ca7-4feb-b67a-ff54847fd9e7,2026-06-15,Huancayo,new,buyer0439@example.pe
25585117-b312-4837-bf97-73f5c5f45f55,2026-04-26,Juliaca,retail,buyer0440@example.pe
280b4f1d-25c2-4046-b585-b96aedf9a2ac,2026-04-04,Tacna,retail,buyer0441@example.pe
73f9beee-0cfc-480f-8b0e-23c5b8c2daef,2026-07-28,Trujillo,new,buyer0442@example.pe
0e08a2ca-666e-4bfa-8e58-3f0905a6b4dd,2026-08-31,Chiclayo,new,buyer0443@example.pe
63d9dc23-e2ea-451f-86a2-970b158e4769,2026-09-03,Piura,retail,buyer0444@example.pe
5daf8384-4094-4f5a-8b55-8d795293f9ae,2026-06-20,Pucallpa,vip,buyer0445@example.pe
fb6c629d-6fce-4586-9eef-1cedea6880b1,2026-09-02,Juliaca,vip,buyer0446@example.pe
0ef7b87d-abdd-4d80-a0bf-30dcc443c4d1,2026-09-27,Juliaca,retail,buyer0447@example.pe
a7aac2bc-045f-4608-b5b9-111f71851153,2026-09-27,Piura,wholesale,buyer0448@example.pe
8f03a6da-c181-416e-8736-ce59aaecdd50,2026-05-08,Chimbote,wholesale,buyer0449@example.pe
9cdb461e-9886-4b9b-bfe7-715d28b30911,2026-04-02,Trujillo,retail,buyer0450@example.pe
b2da5aff-b473-492a-a95a-9114634417c9,2026-06-06,Huancayo,vip,buyer0451@example.pe
5dde99f0-1b10-40af-9b7c-2f7b2b2e7262,2026-06-21,Chimbote,new,buyer0452@example.pe
9df61751-84b6-45ea-ad26-bdef33e58600,2026-07-15,Huancayo,retail,buyer0453@example.pe
8499c1ea-7baa-4599-a10d-da71e58b2640,2026-05-04,Arequipa,new,buyer0454@example.pe
e8164dfc-6b19-4d15-8232-f92490b0fcad,2026-04-21,Lima,wholesale,buyer0455@example.pe
814627f8-970e-41c1-a650-f164c9e27850,2026-05-31,Chimbote,wholesale,buyer0456@example.pe
7d89c253-3905-48f5-886c-8dfb555d956d,2026-09-11,Iquitos,vip,buyer0457@example.pe
decac2f3-67ee-4e9e-9f88-c847f5232895,2026-04-18,Trujillo,new,buyer0458@example.pe
0b235f07-361b-4a70-a601-abd74d5a59be,2026-03-27,Lima,vip,buyer0459@example.pe
8e076602-8fde-4e86-86e5-53a303a0cc1d,2026-06-14,Piura,vip,buyer0460@example.pe
dd5ce787-a7cc-489d-a569-386cc96ad2c9,2026-06-09,Piura,new,buyer0461@example.pe
62ec58cc-0304-4c81-a766-b2a140fbecc1,2026-09-21,Cusco,retail,buyer0462@example.pe
c539fc46-dfb2-43f6-9a8b-5a9b60529283,2026-09-13,Tacna,retail,buyer0463@example.pe
8c596c04-1a09-4952-939e-ae3048d1c8fb,2026-08-13,Huancayo,new,buyer0464@example.pe
f8872865-1934-427f-bef7-008af95f233b,2026-08-26,Arequipa,wholesale,buyer0465@example.pe
3dfa9bb1-35c3-4f28-bede-eaf304bd5f25,2026-09-01,Arequipa,new,buyer0466@example.pe
169d56a1-9d21-4245-bda2-5e2407a0b564,2026-04-13,Tacna,retail,buyer0467@example.pe
6c60a995-8e9e-4315-ac4e-a334d598ebfe,2026-04-26,Cusco,wholesale,buyer0468@example.pe
d318b15a-77ab-4756-9b20-ce3cbb79cf9a,2026-06-16,Piura,wholesale,buyer0469@example.pe
a15437bf-ad74-45c4-9271-a8655669303e,2026-03-30,Arequipa,new,buyer0470@example.pe
c11892c4-1f02-4391-b1a0-451b61d4933c,2026-08-09,Huancayo,vip,buyer0471@example.pe
c6d06e7e-fff2-4195-9e8b-5fbe41392845,2026-04-13,Arequipa,retail,buyer0472@example.pe
0b3a5bd9-e352-4af5-8467-32ed1cb5dbca,2026-08-12,Iquitos,new,buyer0473@example.pe
a3afb1d1-f66b-4408-834e-b9ee24c384fa,2026-03-30,Chimbote,new,buyer0474@example.pe
2fd7d24a-f15f-4894-b654-e834be4188f7,2026-09-16,Piura,vip,buyer0475@example.pe
c7e5aa94-bbe7-487b-a2c8-01d4c067b555,2026-07-24,Iquitos,new,buyer0476@example.pe
08114246-4b0f-4172-b3f1-859f1660aa76,2026-05-01,,retail,buyer0477@example.pe
5cfd2008-4ab7-49ea-921e-695ffb769ab4,2026-07-12,Iquitos,new,buyer0478@example.pe
57ee9086-6443-41dc-97d1-7ca7c27bd887,2026-05-30,Ica,vip,buyer0479@example.pe
c1a2cc8a-174f-4def-9b19-b37f0a823c09,2026-05-13,Piura,wholesale,buyer0480@example.pe
335b74db-6dda-4316-9ab3-9648d265a566,2026-06-21,Iquitos,new,buyer0481@example.pe
ddfe35f9-79b0-4986-bef7-2dfd9ec292d4,2026-05-30,Lima,retail,buyer0482@example.pe
8cc988ee-01e8-447e-96fe-39aaa8ee442e,2026-07-18,Juliaca,new,buyer0483@example.pe
9be195b8-ecda-4c61-b3e7-bafebf509fdb,2026-05-11,Pucallpa,new,buyer0484@example.pe
4519e394-3f2f-4f6f-aafa-9f65fa9f7b4d,2026-04-07,Chiclayo,new,buyer0485@example.pe
343042a5-ff80-4ff7-a5f5-76fa7a767366,2026-09-27,Lima,retail,buyer0486@example.pe
358c8562-4cb2-4e67-af94-8e1596377d84,2026-05-29,Tacna,wholesale,buyer0487@example.pe
20a25123-1072-4f93-bbcf-51eb1b4b3cc1,2026-05-21,Trujillo,retail,buyer0488@example.pe
ceb37e68-1465-414b-8d42-6d20def61054,2026-07-03,Cusco,wholesale,buyer0489@example.pe
3666a38d-12be-4fe6-a6a8-dfaec757e6a3,2026-03-28,Arequipa,retail,buyer0490@example.pe
fd40388b-797c-4fd3-91f5-75033761e3fe,2026-03-22,Chimbote,vip,buyer0491@example.pe
6b578e23-9d7d-4dd7-a59c-0ebc58244808,2026-05-17,Chiclayo,retail,buyer0492@example.pe
6872fe23-68c7-4319-88da-b81e9c7d873d,2026-04-22,Cajamarca,vip,buyer0493@example.pe
dbd09dd7-5e26-4786-96bf-d6adfe5468f6,2026-03-24,,new,buyer0494@example.pe
46758377-672b-4e2a-ba59-a3a26ee96bf9,2026-04-08,Cajamarca,vip,buyer0495@example.pe
aa72f0d1-a74c-4c58-a130-9cefac813d82,2026-06-25,Huancayo,new,buyer0496@example.pe
5f3ca191-6b40-4c74-921d-62f66116f7c2,2026-09-22,Chimbote,vip,buyer0497@example.pe
4ecb2d88-42cf-471c-b27b-bdbeca8c4432,2026-06-20,Juliaca,wholesale,buyer0498@example.pe
fe2a1c60-8d6e-4ce0-bad3-878fc22c8dae,2026-05-14,Huancayo,retail,buyer0499@example.pe
f5c65cdb-75f6-4989-92ce-1afda59318e6,2026-09-11,Iquitos,vip,buyer0500@example.pe
1e0c855f-6b97-424a-98a1-7c793cd62ce5,2026-06-27,Iquitos,vip,buyer0501@example.pe
30d05281-e54e-4924-963d-2edc8bd6f4e8,2026-07-13,Ica,retail,buyer0502@example.pe
d430f899-e88d-499b-99e8-224679bf2855,2026-04-23,Chimbote,vip,buyer0503@example.pe
2af9be03-bde1-4b7a-a707-8dc96cac7b66,2026-04-03,Cajamarca,retail,buyer0504@example.pe
4585ece7-3716-48f2-86a9-a1e367196e7c,2026-05-25,Tacna,new,buyer0505@example.pe
1b321311-2d86-46c1-9871-3c85a416712a,2026-05-10,Chimbote,new,buyer0506@example.pe
556515ae-6089-45e2-9795-010fb67778f7,2026-09-17,Juliaca,wholesale,buyer0507@example.pe
5fc726fe-5bd4-43b0-bd60-cbe6574c6d13,2026-08-05,Lima,retail,buyer0508@example.pe
8d5d3f25-f4df-426c-b521-662882d06c4d,2026-06-05,Trujillo,retail,buyer0509@example.pe
890c74a9-a349-4d30-a53f-c1935a446114,2026-08-09,Chiclayo,wholesale,buyer0510@example.pe
f48e66cd-4250-4b55-976e-2b5912d095df,2026-08-15,Chiclayo,wholesale,buyer0511@example.pe
2d5ff65c-e594-44fa-a4ed-f7a4fb6dd4fb,2026-04-28,Juliaca,wholesale,buyer0512@example.pe
b93fabf6-5a92-4ff2-b3cc-b512b57074b5,2026-05-31,Trujillo,vip,buyer0513@example.pe
7468fd42-179e-4abd-9475-1fd8135bbe92,2026-07-07,Ica,wholesale,buyer0514@example.pe
2198933b-98e4-4260-a985-98ea41253523,2026-08-08,Cusco,wholesale,buyer0515@example.pe
4d81d12a-74db-4daf-873e-23b8ab5f8aa4,2026-09-22,Arequipa,retail,buyer0516@example.pe
0271104c-ced5-4cf4-9781-641c46238aad,2026-09-18,Piura,vip,buyer0517@example.pe
79b771a0-c531-4d63-967a-6cc6d5b7f3b1,2026-08-22,Arequipa,retail,buyer0518@example.pe
1c91da22-14ce-43ef-9b70-88858969fadb,2026-04-11,Trujillo,retail,buyer0519@example.pe
7ea3d739-797b-47ea-839a-a63894291820,2026-09-25,Cajamarca,retail,buyer0520@example.pe
6adec02b-0686-4f76-b128-3b0f03d07c39,2026-04-12,Chimbote,wholesale,buyer0521@example.pe
2425308f-347f-4b05-8673-2e018da0c135,2026-05-07,Tacna,wholesale,buyer0522@example.pe
27471e7f-9655-4f70-87b9-27ab5c16f4fa,2026-06-26,Lima,retail,buyer0523@example.pe
3f10cdae-312f-418a-8e52-1505c89d9f31,2026-08-11,,wholesale,buyer0524@example.pe
92f9bb2e-bba7-42ea-b0a4-757a5f2c58a7,2026-05-05,,retail,buyer0525@example.pe
d9363844-78c4-49b1-91ab-40a135cb8932,2026-07-28,,vip,buyer0526@example.pe
b5965f11-1705-41e9-a721-6c05efc7ea7b,2026-09-04,Cusco,wholesale,buyer0527@example.pe
b5609f41-090e-47d6-a142-d078b914fe2a,2026-04-22,Arequipa,vip,buyer0528@example.pe
44113992-0961-4aea-ae22-338a46f6b098,2026-06-04,Pucallpa,wholesale,buyer0529@example.pe
1473fa50-758a-49ff-b84c-3d244e394e91,2026-08-21,Chimbote,retail,buyer0530@example.pe
d509ccc0-f24c-4b54-a1fd-fe55492cdc6b,2026-05-14,Piura,vip,buyer0531@example.pe
d51fc37f-3e74-4ea1-9440-2b876b12c3bc,2026-09-08,Juliaca,wholesale,buyer0532@example.pe
be5ac07d-50d4-4a58-81e7-e7972deebdbd,2026-04-20,Huancayo,wholesale,buyer0533@example.pe
b1bac5f9-da8c-4c5b-8b91-1efbc8c45bef,2026-06-26,Cusco,vip,buyer0534@example.pe
148e9296-155c-40ed-b9a1-2f3685b7eb82,2026-05-02,Iquitos,wholesale,buyer0535@example.pe
51805f0e-9ece-4597-bab6-62019af412cd,2026-05-08,Trujillo,new,buyer0536@example.pe
4c52605d-9a28-4473-ba9b-01aa8391eb76,2026-03-31,Trujillo,retail,buyer0537@example.pe
81fa4a3d-6d9f-4e1a-a9b7-08dd5f55759d,2026-08-18,Huancayo,new,buyer0538@example.pe
09419060-5986-493f-8cd8-ae90806edde9,2026-03-29,Iquitos,vip,buyer0539@example.pe
34777596-0323-4725-a1a3-e080be3a28d2,2026-07-04,Tacna,vip,buyer0540@example.pe
b48ba0ae-c816-4dde-9a3c-fb94d809950a,2026-05-25,Pucallpa,retail,buyer0541@example.pe
882b16c3-c4db-4286-bf9e-571f4a37694b,2026-07-08,Arequipa,new,buyer0542@example.pe
2e9c8d5f-14ed-44d8-9c87-762de895f447,2026-03-20,Arequipa,wholesale,buyer0543@example.pe
b2b3a2f1-4e79-4eb3-a0b7-1213ad5b3ba4,2026-04-16,Juliaca,retail,buyer0544@example.pe
e1a8c15b-c910-408b-b48f-013188aeb02e,2026-06-09,Chimbote,vip,buyer0545@example.pe
4803b749-bb44-40e1-b6b0-c4f42b19f477,2026-05-17,Tacna,wholesale,buyer0546@example.pe
c6f159b7-d21d-4d3b-92b3-857948bdbff1,2026-05-10,Iquitos,vip,buyer0547@example.pe
f722af2e-cb7b-4bc2-99f1-c8c168dc123b,2026-03-24,Iquitos,retail,buyer0548@example.pe
9216a40e-c898-4e30-bb44-e8da2b09a43d,2026-09-18,Huancayo,retail,buyer0549@example.pe
7ab0bd07-9e43-49c5-af68-6981d0def1ad,2026-09-13,Trujillo,vip,buyer0550@example.pe
569787e1-0646-42f9-a2b4-436111d5f0c2,2026-06-13,Pucallpa,wholesale,buyer0551@example.pe
6e10d223-7e23-4c4e-a043-c9d40c62552d,2026-05-17,Cusco,vip,buyer0552@example.pe
13e476f1-9047-422c-9094-a31178666ffe,2026-08-18,Cusco,wholesale,buyer0553@example.pe
43715b0d-54d9-49b3-ae39-50aedec5af54,2026-06-14,Trujillo,vip,buyer0554@example.pe
65e0a8b3-9d39-45b3-8648-719e32d54146,2026-07-31,Cajamarca,new,buyer0555@example.pe
a32503a5-bd37-4c8b-8f1e-7b2731124ea9,2026-04-13,Cusco,new,buyer0556@example.pe
28a8cf6d-4fea-416c-8f1b-064ad758acd4,2026-05-16,Tacna,wholesale,buyer0557@example.pe
5b9d58a3-95c2-434e-b63c-d3bd19ee2243,2026-05-18,Cusco,vip,buyer0558@example.pe
235ca555-a290-4bc3-9568-d27c47f7f584,2026-08-02,Piura,new,buyer0559@example.pe
a5a102f9-83ba-4e97-8825-ddb093ec80be,2026-04-24,Ica,wholesale,buyer0560@example.pe
6ff8902b-9237-401b-9be7-ec93141df1f5,2026-09-01,Tacna,new,buyer0561@example.pe
83898f5d-ec2a-4478-af13-c983468d5b9d,2026-04-23,Chiclayo,new,buyer0562@example.pe
0554326a-2a0f-4a4e-b543-b8fe17c6a279,2026-04-02,Huancayo,new,buyer0563@example.pe
8b066b57-375d-489d-8d94-4050fd9dcadc,2026-07-11,Cajamarca,new,buyer0564@example.pe
1da8058b-a2da-4531-9964-1c8a058da7dc,2026-03-25,Cajamarca,vip,buyer0565@example.pe
92023cf3-4db1-42bf-b3dc-b79ddacc2887,2026-04-22,Juliaca,wholesale,buyer0566@example.pe
11165a00-ca1f-4bcc-a279-e751a383ec07,2026-09-03,Iquitos,retail,buyer0567@example.pe
44f0bdcc-ebf4-40c9-854b-7a42cb91caf5,2026-08-23,Chimbote,retail,buyer0568@example.pe
a90e88bc-bfb9-4869-ab72-f9334f7223d0,2026-05-16,Arequipa,retail,buyer0569@example.pe
1532525c-75ec-4957-b770-d8cb313d282f,2026-08-31,Chimbote,vip,buyer0570@example.pe
acf41c21-51ab-44df-81d1-d138e80ad382,2026-09-16,Trujillo,wholesale,buyer0571@example.pe
e3865f5f-f65e-463c-b15c-191238f27e1c,2026-07-23,Lima,retail,buyer0572@example.pe
bb275612-b3bb-4efd-8d8c-edf6e6ddf7f7,2026-04-05,Juliaca,wholesale,buyer0573@example.pe
e68a8184-7e98-4abe-af8d-324fe89f2958,2026-06-12,Cajamarca,wholesale,buyer0574@example.pe
a55d2ad0-cdd7-4b2b-8b1e-b14b1f54c441,2026-07-16,Piura,wholesale,buyer0575@example.pe
18dd6ea2-3bb5-406a-a206-e37bad7a908c,2026-03-21,Cusco,vip,buyer0576@example.pe
f1874406-082d-468a-87e9-d5b0aea86117,2026-08-30,Lima,vip,buyer0577@example.pe
d22d0234-a671-4601-baee-6e37e670886a,2026-04-10,Piura,retail,buyer0578@example.pe
f6f1327a-8657-4a5e-a82a-1136fabdf917,2026-09-15,Cusco,retail,buyer0579@example.pe
dcec6090-ce32-496d-a940-f909464d5101,2026-09-21,Trujillo,retail,buyer0580@example.pe
77c0eb76-ecee-47db-846f-fc2d91788548,2026-04-15,Cusco,retail,buyer0581@example.pe
dd9af231-6f80-4b1a-a94a-cb5ef1be244e,2026-08-12,Chimbote,wholesale,buyer0582@example.pe
a365d6b5-6a26-45a6-bf73-7ec9b6fc0001,2026-05-07,Piura,retail,buyer0583@example.pe
e2d9ef00-e6bb-4543-8648-29150a37e342,2026-04-16,Huancayo,vip,buyer0584@example.pe
71988b6e-d1a5-4a88-a628-b3678738727a,2026-03-26,Pucallpa,new,buyer0585@example.pe
890cf578-beb1-4911-9b06-1f2454d59db4,2026-04-22,Tacna,new,buyer0586@example.pe
0c70409d-f7f3-4eb4-8a28-1a7f42d48e62,2026-05-16,Huancayo,new,buyer0587@example.pe
ef233313-abaf-4f56-bd3f-617545caf25e,2026-08-29,Chimbote,retail,buyer0588@example.pe
044ba6aa-69a4-4ef5-ba85-810c49298754,2026-09-11,Lima,wholesale,buyer0589@example.pe
aa586bb0-dbd1-4924-87ba-6668638d1e71,2026-03-26,Tacna,wholesale,buyer0590@example.pe
982de364-6313-4e59-851b-9e2c50796fe0,2026-04-19,Cusco,new,buyer0591@example.pe
d26e3c25-fe5b-44bc-9956-a99d577eca87,2026-07-13,Ica,retail,buyer0592@example.pe
538ce41e-cc3d-4201-a8f0-d9101b05c87c,2026-06-12,Chiclayo,vip,buyer0593@example.pe
f00dbdc0-892d-4f0f-87a1-c122eb480b99,2026-07-13,Pucallpa,vip,buyer0594@example.pe
834c7ded-8434-4bce-adf8-b1034df2bd4e,2026-06-04,Chimbote,retail,buyer0595@example.pe
ea65059a-013b-45c6-8897-2d7bfc2097a8,2026-08-29,,retail,buyer0596@example.pe
db53b155-231f-46c5-9cf2-e3c277e22fed,2026-04-10,Huancayo,vip,buyer0597@example.pe
316b114d-92a3-48e0-8aec-7eb0fadccf25,2026-09-15,Huancayo,retail,buyer0598@example.pe
b1c9cdaa-07ff-4cce-b24f-c39627bb9132,2026-05-06,Trujillo,retail,buyer0599@example.pe
3007c56c-f44f-4653-bf02-d390351a8049,2026-07-20,Huancayo,wholesale,buyer0600@example.pe
b432e930-d2a3-4a89-80da-b03e555d29b8,2026-05-29,Lima,new,buyer0601@example.pe
5303532e-4c8b-41fe-a0a9-40a9110d33b6,2026-05-30,Trujillo,retail,buyer0602@example.pe
c0879d1f-69a4-496d-ac55-b02c1acd7518,2026-08-07,Ica,new,buyer0603@example.pe
9b88c213-1cb2-48e8-84f7-7a2e867b919c,2026-04-28,Chimbote,retail,buyer0604@example.pe
bdcefc5f-88b4-4dac-a122-b2d5c3ee966d,2026-04-29,Huancayo,retail,buyer0605@example.pe
94ea81d9-0ba6-4d03-b848-39b1cbeba397,2026-08-01,Chimbote,wholesale,buyer0606@example.pe
d93a84ab-68f4-449d-a5c5-9e841319c88d,2026-03-23,Lima,retail,buyer0607@example.pe
57b74fa6-eb77-42d9-b60d-5aab4ebd023e,2026-09-15,Juliaca,wholesale,buyer0608@example.pe
427d87e6-1597-4b73-ae04-b7bdf44f2530,2026-04-11,Cajamarca,new,buyer0609@example.pe
843d21a3-fbde-4d65-9bfd-a965fd95e01a,2026-09-02,Chiclayo,vip,buyer0610@example.pe
7558f1a2-f896-48e1-8105-1fbbeee28d33,2026-05-10,Piura,retail,buyer0611@example.pe
bd4a7315-1020-47d0-a1a7-7a48bb0418d3,2026-04-10,Cajamarca,retail,buyer0612@example.pe
28e8e125-644f-48ad-86aa-10caa8ca2e85,2026-06-01,Pucallpa,new,buyer0613@example.pe
db639438-a5a7-495e-9396-3473ccbeafed,2026-07-25,Chiclayo,vip,buyer0614@example.pe
06a3c77e-bf93-45cf-afe1-fabf18abf75b,2026-08-20,,wholesale,buyer0615@example.pe
63109cbb-2969-4187-a0b2-f95e04a3c4b7,2026-03-24,Lima,vip,buyer0616@example.pe
6521c20b-e0bc-4a39-b4b2-4ba4d0f0aa81,2026-04-07,Chimbote,vip,buyer0617@example.pe
5db12387-c164-450c-b80b-0b0c1a20d378,2026-04-24,Huancayo,retail,buyer0618@example.pe
a8f797b0-bc69-4f9a-b0b5-a060ebd80dcb,2026-03-23,Iquitos,wholesale,buyer0619@example.pe
52f95753-baa8-4e23-ab91-8287a6bfe8ee,2026-06-24,Chiclayo,wholesale,buyer0620@example.pe
73eeb5e8-848d-4bf0-9128-933745a6cae3,2026-04-28,Huancayo,vip,buyer0621@example.pe
15a2582d-59cb-4b96-b07b-8dc33b1c08db,2026-06-08,Juliaca,wholesale,buyer0622@example.pe
21c7a614-f229-4e2f-9e58-d12b04ab66db,2026-03-20,Juliaca,retail,buyer0623@example.pe
562c3e97-4fcb-4914-9cf7-0e44c5811a6d,2026-05-19,Cusco,new,buyer0624@example.pe
281c9175-fdee-4f0c-ab70-7eb5ce08288a,2026-07-09,Cajamarca,vip,buyer0625@example.pe
4fcc29d8-4cdc-4b7c-b010-e57f74eb546f,2026-04-27,Huancayo,retail,buyer0626@example.pe
dc65d16d-5b4a-4f1e-8a4d-105da5891c86,2026-09-08,Chimbote,new,buyer0627@example.pe
feeb1eec-2c3d-4d16-b6d2-84561c7b8ac4,2026-08-01,Tacna,wholesale,buyer0628@example.pe
d9e038df-9ff0-4811-954c-3614f04b649d,2026-04-11,Ica,retail,buyer0629@example.pe
e8486488-15c2-40de-b356-1cd2a91d46e9,2026-08-10,,retail,buyer0630@example.pe
4b643087-acd0-4cf9-ad3b-318b11660d52,2026-05-30,Juliaca,vip,buyer0631@example.pe
34b93931-f3a4-4585-89eb-cfed9f5e66b7,2026-08-21,Chiclayo,vip,buyer0632@example.pe
b69086f5-255d-43dc-ac03-5ee519990367,2026-05-22,Lima,wholesale,buyer0633@example.pe
25f516de-6135-45a3-a792-d912db21a03a,2026-03-20,Chimbote,wholesale,buyer0634@example.pe
cec503cc-96cd-4c18-bb1f-258362349b77,2026-04-04,Cajamarca,retail,buyer0635@example.pe
83430933-02cb-4a05-90ea-a7db9b419761,2026-04-27,Chimbote,vip,buyer0636@example.pe
de54aee3-d105-4b83-955c-478489e89bfc,2026-06-27,Chimbote,vip,buyer0637@example.pe
5326b56d-c246-4875-8a41-7b250561cf56,2026-06-01,Cajamarca,retail,buyer0638@example.pe
e5382346-7ec8-45f4-8a80-9085da0bb732,2026-06-28,Trujillo,retail,buyer0639@example.pe
cee90f7b-2971-40b4-8123-94ae07465128,2026-08-08,Lima,vip,buyer0640@example.pe
45473e32-93cf-45ac-859e-30c6db185b88,2026-04-24,Iquitos,vip,buyer0641@example.pe
cc44ce41-528d-4c79-a52a-c250f70387ef,2026-07-09,Huancayo,new,buyer0642@example.pe
8dfb0827-b10a-4537-839e-e231a7daab91,2026-04-06,Tacna,new,buyer0643@example.pe
0321ff9a-a7ed-4404-9b35-1f5d793c4c91,2026-06-07,Cajamarca,retail,buyer0644@example.pe
338f3d44-917d-41a0-842a-8d139c724579,2026-04-10,Piura,vip,buyer0645@example.pe
c51ee4e6-40d2-4f75-acf5-fedd9ab36765,2026-07-16,Chiclayo,vip,buyer0646@example.pe
ec84275f-6425-43bb-8085-a3238bbaf2fc,2026-04-19,Iquitos,wholesale,buyer0647@example.pe
4849f447-4cdf-43ea-8b17-d86c4bbb28e3,2026-04-04,Iquitos,vip,buyer0648@example.pe
64859f31-170b-444e-a7f5-897a729460d1,2026-08-22,Pucallpa,wholesale,buyer0649@example.pe
a09eb78a-46ec-4d7b-ab4e-611a4cbb7792,2026-06-08,Trujillo,retail,buyer0650@example.pe
dd2e775f-aed8-4b7c-8955-21935f06f059,2026-05-09,Tacna,new,buyer0651@example.pe
cf5f9a34-ec9c-43a6-98ed-1fb940ad8be7,2026-05-18,Ica,new,buyer0652@example.pe
4c58a7b0-c425-49d4-92fb-aa788ebb835c,2026-07-26,Piura,retail,buyer0653@example.pe
a4e2496e-43e2-4797-a15c-9c771afa100d,2026-05-23,Trujillo,wholesale,buyer0654@example.pe
9db74d33-fa0e-4e84-98ea-6f05acb12fa5,2026-07-09,Trujillo,wholesale,buyer0655@example.pe
67a4e065-b72b-4f3f-926c-8a43145ba361,2026-05-03,Iquitos,new,buyer0656@example.pe
f9143da0-79dc-463d-86a4-92eadc6f5e69,2026-04-16,Chimbote,vip,buyer0657@example.pe
a5376b6f-5b26-4a3b-a42c-918b28bca1f4,2026-07-24,Arequipa,retail,buyer0658@example.pe
60e7c491-9920-4244-9c3a-7cfcb95d80a7,2026-07-21,Cajamarca,wholesale,buyer0659@example.pe
4c8a49a6-3b3c-4cf7-afd0-92ab8be7de5d,2026-06-05,Cajamarca,vip,buyer0660@example.pe
4b83a484-48a3-451e-8219-5d2e9fcb5316,2026-08-08,Cajamarca,wholesale,buyer0661@example.pe
b24525fa-0862-4597-af4f-0aa6ec2cc680,2026-09-14,Pucallpa,new,buyer0662@example.pe
25fd89d7-8d75-4ad9-b892-ddffd3fc35f3,2026-07-29,Chimbote,vip,buyer0663@example.pe
86fa8c3c-33fe-44fc-bbc3-62569d56ca7d,2026-08-19,Ica,new,buyer0664@example.pe
3288c011-3674-43e2-9cf8-1797edd80857,2026-07-18,Juliaca,new,buyer0665@example.pe
4b4be7f3-54fd-46a8-8eb0-c5c6ef1b09da,2026-05-26,Trujillo,retail,buyer0666@example.pe
ce88cc76-e902-47ee-bc15-175c0d97b217,2026-08-17,Juliaca,new,buyer0667@example.pe
06578f9e-c0b7-4bba-8d7b-2de89fd48527,2026-06-26,Lima,new,buyer0668@example.pe
305de989-1168-4187-a7df-09a3dd57bdf7,2026-07-14,Chimbote,wholesale,buyer0669@example.pe
de66ad88-f0c1-446e-b60c-f0657bbd5a45,2026-08-25,Cusco,wholesale,buyer0670@example.pe
5f3d0e81-3eb0-4a6c-999f-9dd030e3556a,2026-07-01,Ica,new,buyer0671@example.pe
afa281e9-ee2d-43ef-91ea-24651a925d71,2026-08-02,Arequipa,retail,buyer0672@example.pe
7df29e3d-9aa4-4dcb-a5cb-54bce84813b7,2026-04-15,Juliaca,retail,buyer0673@example.pe
a8070765-f016-4e99-9e46-01f67de200ad,2026-05-02,Cajamarca,vip,buyer0674@example.pe
233082a1-27df-4af2-aaa5-5970485f415a,2026-09-18,Chimbote,retail,buyer0675@example.pe
63587e5b-90e3-4738-a2a5-1a258f44baf0,2026-05-31,Cusco,wholesale,buyer0676@example.pe
d0dc1682-dc48-4168-8cd5-a0df67d4f5a8,2026-08-28,Cajamarca,new,buyer0677@example.pe
f5f29239-cf7b-423a-b000-8983f0be8084,2026-07-09,Arequipa,retail,buyer0678@example.pe
ead6716f-fc7f-4314-8edd-43df8fe0f6d9,2026-08-26,Pucallpa,retail,buyer0679@example.pe
b8a919a0-8e4d-4174-8cc3-9a3ad16cfddf,2026-05-30,Juliaca,new,buyer0680@example.pe
2538dc2f-9e8a-4232-8d93-773bc4401de3,2026-07-30,Chimbote,new,buyer0681@example.pe
acf4e046-98b8-47d8-b01a-f2e0601571b1,2026-06-10,Chimbote,retail,buyer0682@example.pe
695b3b12-4475-4522-b18a-1aa4bd36303f,2026-04-02,Ica,new,buyer0683@example.pe
38110926-ecdc-4c1b-8e34-5bece711d081,2026-05-25,Juliaca,new,buyer0684@example.pe
9f742a90-cfa8-4220-ab51-9021d8b03be3,2026-08-01,Piura,wholesale,buyer0685@example.pe
69788eb4-b16a-4094-818c-67c58f11350b,2026-05-13,Cajamarca,vip,buyer0686@example.pe
3b72849e-e5ad-4954-bd09-b2148506707c,2026-08-11,Iquitos,wholesale,buyer0687@example.pe
9602f8ce-7fd8-4f6b-8de0-ed03afd3f928,2026-06-22,Trujillo,retail,buyer0688@example.pe
a1542865-0d56-48cd-bbce-3d1c15223e01,2026-08-16,Lima,wholesale,buyer0689@example.pe
cbfbf760-96e4-413b-8024-276281ca6b22,2026-03-31,Cusco,new,buyer0690@example.pe
57afb190-1d38-4236-b561-b10ad04d825a,2026-05-31,Chiclayo,retail,buyer0691@example.pe
4ce07cfd-230b-4e4f-843a-5bb86bd7de0c,2026-08-19,Tacna,wholesale,buyer0692@example.pe
368adfd4-e0dc-435e-b95a-26cbc457af70,2026-07-12,Huancayo,wholesale,buyer0693@example.pe
bb0928e9-463c-4d3e-ad21-5abba5fdfbfb,2026-04-11,Lima,retail,buyer0694@example.pe
577c1c36-8fdd-49b1-a11e-1db93bb7de8f,2026-06-19,Cajamarca,vip,buyer0695@example.pe
8b684f0b-5d0b-443d-a1e6-fc6a3e4ddb40,2026-05-23,Cajamarca,new,buyer0696@example.pe
77584e67-e628-4908-a22c-dbde8a854263,2026-04-01,Juliaca,retail,buyer0697@example.pe
4ad3cf9f-7a69-4e81-b6fa-4c94de6fa731,2026-03-24,Arequipa,new,buyer0698@example.pe
655e1dc3-1111-411e-b933-56ccce9b6753,2026-09-16,Chiclayo,wholesale,buyer0699@example.pe
b671eba4-fdfd-46da-a7f3-b16b98699bfd,2026-09-01,Trujillo,retail,buyer0700@example.pe
c1745dc8-b3a6-4fd4-95ab-ba02610b9dd6,2026-08-11,Cusco,wholesale,buyer0701@example.pe
2c6b2ce6-b4c2-49d0-a3d9-2e8ffb2a850f,2026-08-03,Huancayo,vip,buyer0702@example.pe
54cde2fe-c5c7-49ea-992e-e0102d57cea7,2026-08-18,Iquitos,retail,buyer0703@example.pe
73c985d3-0f3e-4629-a37d-a5e5bba6acbc,2026-08-03,Trujillo,wholesale,buyer0704@example.pe
b1de999d-c219-48fd-b971-8fd2801374f4,2026-06-03,Ica,new,buyer0705@example.pe
44dfec7f-26fd-44f7-92bc-5513d6430f4e,2026-09-30,,retail,buyer0706@example.pe
b2be9157-e292-4356-b75d-31cec7ad1822,2026-07-28,Trujillo,retail,buyer0707@example.pe
660ab802-b920-43c7-9ecf-b4427a2ff6cf,2026-06-23,Huancayo,wholesale,buyer0708@example.pe
3ba0dc3d-e22d-444e-931e-df7968be0658,2026-05-02,Chimbote,new,buyer0709@example.pe
6b2ff8bb-d5cb-4f80-8702-c6c672048586,2026-04-11,Arequipa,vip,buyer0710@example.pe
ece2fcaa-4667-49ce-9eab-7f535276ce1c,2026-05-17,Chimbote,wholesale,buyer0711@example.pe
9a9af634-4e27-4268-bc15-f690c9f015a0,2026-06-15,Ica,vip,buyer0712@example.pe
95399cf1-a86b-4353-b03c-aec2999e6d24,2026-07-25,Huancayo,wholesale,buyer0713@example.pe
ff6cb621-5df3-43e7-a96f-86581487c24e,2026-07-29,Cajamarca,retail,buyer0714@example.pe
d0ea81ea-a02c-465a-b9df-2b879fff3bc1,2026-05-30,Juliaca,vip,buyer0715@example.pe
3dcc9d0e-6b4b-420f-b543-6dc2d958e4c6,2026-06-20,Cajamarca,vip,buyer0716@example.pe
4d13f243-ce88-49e9-835f-5caac99b7e69,2026-09-19,Cusco,new,buyer0717@example.pe
2024162c-8de7-438f-bf08-fb157e28ce74,2026-05-23,Piura,vip,buyer0718@example.pe
a6cc9a6d-b48c-476d-aa4e-bae7cd4856cf,2026-09-24,Tacna,retail,buyer0719@example.pe
196afff2-decc-4ade-9699-260a73d86316,2026-08-08,Tacna,new,buyer0720@example.pe
bdee05ed-1013-4321-9480-4b17eca2621a,2026-05-13,Tacna,wholesale,buyer0721@example.pe
00949d3b-f64c-4ca5-a64a-f6826ecf1389,2026-09-27,Chiclayo,wholesale,buyer0722@example.pe
4d6a1b1f-a23d-4c9e-bb74-9bef7b06b0df,2026-07-22,Chimbote,retail,buyer0723@example.pe
a1f14f8d-2cb8-42b8-b7cc-2784ca416963,2026-07-04,Iquitos,vip,buyer0724@example.pe
75741148-ab4c-4f9a-8a86-763267e503ab,2026-04-28,Lima,new,buyer0725@example.pe
b88884e0-306f-480c-9794-51c2d08ea5c0,2026-09-24,Iquitos,vip,buyer0726@example.pe
9f9c0621-b7a6-4d37-befb-0d326a80606f,2026-08-15,Trujillo,wholesale,buyer0727@example.pe
c2f0843a-ead9-4b7d-981c-9fcbd7d42561,2026-06-01,Chiclayo,wholesale,buyer0728@example.pe
25f21054-b954-4ddc-9792-d46a0565a03c,2026-06-14,Cajamarca,wholesale,buyer0729@example.pe
b8229628-4101-4c68-a34a-5d8da06e0b15,2026-05-04,Chimbote,wholesale,buyer0730@example.pe
b489cb16-3f3e-4b59-a003-5bce38c2bbf0,2026-09-15,Lima,new,buyer0731@example.pe
91fdd06c-3cbb-441d-9e73-607638a72d9c,2026-08-24,Pucallpa,vip,buyer0732@example.pe
d708680b-244c-48ca-8421-82b141bc73be,2026-08-29,Cajamarca,new,buyer0733@example.pe
81602c75-2c00-4577-b29e-3cca86efe68d,2026-05-01,Chimbote,wholesale,buyer0734@example.pe
287fc4b3-3315-4c25-a68e-976155af1b7d,2026-08-01,Juliaca,wholesale,buyer0735@example.pe
16ef4d1f-28a9-432c-94b8-51644ddc9eb1,2026-05-02,Tacna,new,buyer0736@example.pe
461609d7-d1c6-4957-a2df-dfbf48baca05,2026-05-07,Juliaca,new,buyer0737@example.pe
dab27ddf-3b85-4ba1-9777-034d6e46c6a3,2026-07-11,Cajamarca,wholesale,buyer0738@example.pe
87063f90-9b80-4584-982b-77118e454e97,2026-09-25,Lima,new,buyer0739@example.pe
e1ee8718-0547-4d2c-818b-c7f2c8f4ec16,2026-06-19,Iquitos,vip,buyer0740@example.pe
5dfafe88-c72b-453a-b3fb-7c13be3fb4b2,2026-07-29,Chimbote,vip,buyer0741@example.pe
94b0226d-f39e-4ed9-9179-068ff4ec9ca7,2026-06-26,Iquitos,vip,buyer0742@example.pe
6ec3838a-91d3-4f30-9772-988d2dc37fab,2026-08-05,Cajamarca,retail,buyer0743@example.pe
bd255b1c-e591-41ae-b787-57c9774099d1,2026-04-23,Trujillo,new,buyer0744@example.pe
0a88f0e9-5202-4f90-bd26-e0cfc9acda14,2026-05-09,Lima,retail,buyer0745@example.pe
db640e2f-8591-477e-8d7c-e5d1207508c3,2026-06-24,Huancayo,new,buyer0746@example.pe
9232cab6-c46e-40f7-ab1f-697fb70e5493,2026-06-20,Chiclayo,vip,buyer0747@example.pe
67454d30-8a3c-4baf-87d0-9a4fe98c142f,2026-09-29,Iquitos,vip,buyer0748@example.pe
5f7aaded-b4e5-4052-8651-307c1cc3ad13,2026-08-01,Pucallpa,retail,buyer0749@example.pe
cb37d938-c915-447f-ac90-4db0706d3594,2026-05-13,Chiclayo,retail,buyer0750@example.pe
d6c171c1-e02a-4aa6-99f7-8931f7597704,2026-09-26,Chiclayo,new,buyer0751@example.pe
2799a183-23f2-4b27-a812-6c9451cfdb84,2026-05-25,Juliaca,retail,buyer0752@example.pe
f498a7ba-a490-42f5-9141-1ac5f03dde19,2026-06-21,Piura,new,buyer0753@example.pe
201bb7ed-1dac-487b-ab84-4a7f324a4424,2026-04-09,Cajamarca,vip,buyer0754@example.pe
70a5a6a2-8ac7-427c-8a4a-4cd99df397bf,2026-07-31,Iquitos,retail,buyer0755@example.pe
e1b7ee7f-4a4c-4f48-b978-f3047b8c76ee,2026-08-26,Piura,vip,buyer0756@example.pe
66fb032c-5b65-4df1-bb37-c6e7dbc9020c,2026-04-24,Tacna,vip,buyer0757@example.pe
24d9ae70-c907-4aa0-98b1-415b3f660382,2026-07-06,Chimbote,retail,buyer0758@example.pe
75e35550-fcfd-4f50-835c-a42dd3e981d5,2026-04-08,Huancayo,new,buyer0759@example.pe
e3aeb3fe-f7e7-40da-926c-b2794b58a071,2026-09-02,Tacna,wholesale,buyer0760@example.pe
c9c1a360-34ab-4aca-864c-cd56746b06cb,2026-05-28,Juliaca,vip,buyer0761@example.pe
763f835a-10b5-46ee-a181-07f82bba4ab3,2026-05-27,Cusco,vip,buyer0762@example.pe
ef8506d5-a65f-4dda-b260-94d933d0e961,2026-03-27,Cajamarca,new,buyer0763@example.pe
df2f0c38-a64e-4441-b61e-fac5aca71d32,2026-03-20,Iquitos,vip,buyer0764@example.pe
ffb8aadf-5975-43f7-93da-ac7ce1af0e20,2026-08-26,Trujillo,wholesale,buyer0765@example.pe
fdbabfe6-f3f8-48a9-b94d-00590a5fac2f,2026-09-10,Iquitos,wholesale,buyer0766@example.pe
9153b920-5a5d-412e-af0a-8b734fcceb56,2026-09-21,Chimbote,vip,buyer0767@example.pe
16bd2eac-d54f-4129-a8b3-2acb27b3a3b9,2026-09-12,Ica,vip,buyer0768@example.pe
b104a091-a276-49ee-a10e-def46eb82981,2026-06-30,Iquitos,vip,buyer0769@example.pe
745748b8-122a-4c2a-8884-958cf173e8ec,2026-07-17,Tacna,vip,buyer0770@example.pe
97d6e274-2e2d-471a-92e1-fddc575f6bdf,2026-05-07,Pucallpa,vip,buyer0771@example.pe
017fd789-05d8-4a44-96f7-7d7e69d71f11,2026-05-20,Piura,new,buyer0772@example.pe
423a37fa-1901-4fa0-89b7-9687c281aca8,2026-09-21,Iquitos,retail,buyer0773@example.pe
89d5bd54-34c5-403f-a6b4-b024fd439a0d,2026-07-21,Huancayo,vip,buyer0774@example.pe
7ac58a67-6ccb-4353-bb9a-b03d815ab5f8,2026-06-09,Cajamarca,retail,buyer0775@example.pe
ea37b035-c608-48c5-aa51-549acec75bce,2026-04-26,Piura,vip,buyer0776@example.pe
d042a88a-70fd-49b8-bee1-18e7d7c9b715,2026-05-13,Cajamarca,retail,buyer0777@example.pe
e562fbcf-ca2c-492c-98a5-6628db0702a7,2026-06-05,Arequipa,retail,buyer0778@example.pe
eaa4b488-dfe5-4adf-a0df-6752e12f489b,2026-03-24,Lima,new,buyer0779@example.pe
c75f3c61-3ea2-4abf-a47b-7bc89d1e27f8,2026-05-22,Cusco,retail,buyer0780@example.pe
728f6d69-24be-4e58-9439-a7fc8be6be9f,2026-08-24,Trujillo,retail,buyer0781@example.pe
e5e6592b-251f-43d5-aa20-a12aeb586076,2026-05-17,Ica,vip,buyer0782@example.pe
2c49c42f-a2c9-4f65-aecc-3a8d2124737b,2026-09-19,Iquitos,new,buyer0783@example.pe
80769f41-129a-4046-bea0-7c9fea51671c,2026-08-15,Cajamarca,wholesale,buyer0784@example.pe
61906bf9-012b-4daf-9e28-ad84690c6db0,2026-07-15,Chimbote,retail,buyer0785@example.pe
45e42b0d-c43d-4b2b-bda9-ea2fc0f85a4e,2026-06-10,Juliaca,new,buyer0786@example.pe
74e53d17-9177-43fb-bbf8-8b7835e518ac,2026-04-05,Lima,new,buyer0787@example.pe
300de289-47e4-4a97-824c-de35ad391326,2026-05-13,Juliaca,vip,buyer0788@example.pe
a27a4237-0f01-4fb7-80be-dfacf8fb7096,2026-07-24,Arequipa,wholesale,buyer0789@example.pe
f847a693-d6ff-4bed-b559-2da6f7bc8cad,2026-09-18,Trujillo,retail,buyer0790@example.pe
277b94bf-75c1-4a05-8574-3f55016062c8,2026-05-07,Trujillo,wholesale,buyer0791@example.pe
fd0cbbc8-982e-4e86-acb2-ce39c0166cd2,2026-07-17,Tacna,wholesale,buyer0792@example.pe
072a52bf-2544-4f3a-9884-be2c40a385b1,2026-06-13,Trujillo,vip,buyer0793@example.pe
b7d43c85-df95-4eac-8c46-8acaa309891f,2026-04-03,Chimbote,wholesale,buyer0794@example.pe
469bf60a-9132-47f4-ba08-44f374c25ba1,2026-06-25,Huancayo,new,buyer0795@example.pe
0cb46469-bfb4-461d-a8f5-39ca87e429bb,2026-05-27,Pucallpa,new,buyer0796@example.pe
09e4e60c-1309-4f97-9d6d-cbddf9b7d2e6,2026-07-01,Tacna,new,buyer0797@example.pe
e155552a-01dc-4f97-8709-00fe49d0d71a,2026-08-25,Chimbote,new,buyer0798@example.pe
a41f0844-7029-4319-9a53-08d2825c47e5,2026-07-13,Iquitos,wholesale,buyer0799@example.pe
740805f0-29dd-4ae7-8e40-3038862857a4,2026-05-05,Cajamarca,wholesale,buyer0800@example.pe
