snapshot_id,product_id,snapshot_date,quantity_on_hand,quantity_reserved,quantity_available,warehouse
0956b85f-9470-4643-aa99-03240c218045,4e9169c6-ab5a-4135-ad91-b4895756c721,2026-09-30,121,5,116,TRU-01
ab07cce0-55c1-45ca-b8a6-01d339f6543f,6ae827d7-f2fd-4257-bb5d-691bdbbb06ee,2026-09-30,6,4,2,LIM-01
4cfabc57-a2de-48ab-ba74-f99984c1e9a7,1e242fb3-4b52-4fa6-a506-cb8a203495e1,2026-09-30,114,7,107,LIM-01
8201703a-0e40-4a21-aad5-dc1e925b3344,94e6c20a-565b-4334-8466-cfb1c4ba1124,2026-09-30,185,11,174,TRU-01
bda63678-4482-4da5-a294-68d4bb51757d,6fa921ae-d941-4ebf-8858-26a1ea7b09f5,2026-09-30,42,1,41,LIM-01
919c8d9d-7ddc-4699-a151-c6e7004e5ef4,3aeac099-8c2d-4593-8e85-057dd2446e8b,2026-09-30,185,14,171,TRU-01
8f070402-0691-4fe4-a33d-815872a36985,df80a3f3-e3c1-4c79-b98d-3c53abd49355,2026-09-30,166,11,155,AQP-01
ab3cd829-88bd-46df-9afe-db547753f60a,35441efc-21de-4a55-869c-f7a71e17aa82,2026-09-30,0,0,0,AQP-01
77874e5c-8639-426e-a607-328e24717c31,01db3425-0a32-404d-9ec3-c33cf95d7f01,2026-09-30,55,5,50,AQP-01
c4dcb093-b917-4884-be02-80188314e0ef,e9aaeee7-b19e-4be7-84a8-2b06831b136f,2026-09-30,84,0,84,LIM-01
f701cf45-30ab-4ba1-bee6-5ea1276570b3,6650b20c-c2b2-482f-ad84-929e10988708,2026-09-30,34,0,34,LIM-01
82b911e3-a66c-45c3-a243-0130d3fd59a7,7ac08228-dbe3-4cbd-b18c-f5299346e1e3,2026-09-30,164,1,163,AQP-01
2f2d3056-8c7a-4cca-bd6b-03fcc717a420,ac6c6879-cbf0-4078-b888-ebe1f2e5b69a,2026-09-30,172,7,165,AQP-01
3b62677b-0186-42b8-a32e-9fdfd6e6e41f,15121d79-b5c8-4beb-a6c8-8dc56822dbd6,2026-09-30,183,4,179,TRU-01
b35157f1-ca57-45f1-bcbe-1637960281dc,25a4a35c-a74a-4bc7-8292-cfb4eff1d185,2026-09-30,0,0,0,AQP-01
31a71830-ea6d-427e-b3c4-f35deb592365,7d5f00d3-dd68-4284-9a0c-25f79c4ea661,2026-09-30,49,9,40,TRU-01
8db07a72-bd39-49fb-8139-73ae8b76cf5f,5f38eba0-499b-4072-a65d-69a789912aba,2026-09-30,9,4,5,LIM-01
2e58c191-e5c1-4dd8-a128-bf1225fa3100,d3fd882f-74a8-4d58-911d-23777e7fe5e2,2026-09-30,33,9,24,AQP-01
607ffb11-43a8-43be-baaa-2e363d67a041,2153c6d9-96a0-4e04-be01-45fa21ff2f99,2026-09-30,4,1,3,LIM-01
dd47f14c-dcb6-43b9-a3cb-79ff5d5a3aab,17d716d3-9315-45ac-9b14-982a6ccf8bbd,2026-09-30,115,3,112,LIM-01
1a80bfd3-ada1-402e-9c0f-ef3d027789b0,74a1fb4b-e48e-4c3f-83da-09452e9708bf,2026-09-30,106,7,99,TRU-01
3f04864f-1837-4cb5-a4a7-7de5de371fef,2bdfa00d-780d-4342-8fbb-172e31f7b126,2026-09-30,129,5,124,AQP-01
e90cf5da-1e0d-48d8-b8a6-9d068e0cadf5,3ec54808-05db-4f32-8e48-e86a81960a77,2026-09-30,153,0,153,TRU-01
84457097-86eb-409c-b94d-c3b17495a192,81fa3092-cf08-4596-a23f-fa87d0bb5e17,2026-09-30,9,4,5,TRU-01
0bcca579-d44f-4a3a-8c25-52afa88dda81,4bc42ea3-97fd-4d53-801f-1f431a781f6a,2026-09-30,74,2,72,AQP-01
4ee9ebd0-7746-4afd-a790-5d055769ca4d,2faaa7a4-beaf-47e4-8fb2-2e2bde1d8e0e,2026-09-30,192,0,192,TRU-01
3cb7ff01-069f-41fd-9911-5af9e8e55145,53fcdbbe-4e84-4f49-9a5d-3b47e512f2f4,2026-09-30,170,1,169,LIM-01
03a46d83-5bc5-479f-b77c-8e6e89871819,462778c3-cb66-491d-92ac-5fa099155f61,2026-09-30,89,9,80,AQP-01
05957eed-9a2c-4348-a82f-57cedb7d9e57,70f26093-f0a9-44a6-8de6-705c89c98340,2026-09-30,128,11,117,TRU-01
923192cf-4004-4004-91ba-d27189bc1735,af38b8b5-14d7-4e43-9f4f-cd924430278c,2026-09-30,0,0,0,LIM-01
75554801-656c-404c-8905-d0130411057b,ffb01a9a-d2a9-4872-92dd-e6ca72a3e56f,2026-09-30,13,4,9,TRU-01
8d68c25e-8e3e-4181-a62a-6b339b1e3156,76b52cae-e1b0-4e85-9f0b-beee091eccec,2026-09-30,52,9,43,LIM-01
61b2e538-4856-4b2b-87f1-3b2c8f1d26a1,7192d93d-75d5-4cba-95f5-39fa51ff8e4f,2026-09-30,38,11,27,AQP-01
d6aec0ab-6f61-44c9-ba7b-84030288226e,d84711ef-6e65-43c6-b83d-14cdeae30abe,2026-09-30,183,2,181,AQP-01
a9de184e-ea6b-434d-9a59-751911003b03,5c13a98c-142d-44d4-ad64-15034ba87253,2026-09-30,76,14,62,AQP-01
82fb7be7-ab63-4c2b-984f-8d3c1860eb84,c7585597-f4b3-4f98-bdb4-f48fc0b74709,2026-09-30,163,2,161,AQP-01
3afb71c2-a8a5-4e7b-8260-4bd9534321a5,7502eb4c-0529-475c-a79a-eaf9f4866cee,2026-09-30,29,4,25,LIM-01
110361c2-e710-4733-a586-56d9414ec5de,362e8e6b-ac1f-4fda-9a08-9a3ee4eefd5f,2026-09-30,24,12,12,LIM-01
a779766c-4c7f-44f3-8e46-cdc96bf11441,a4efef4f-c16e-48d0-9b2d-8c4614c1d7c1,2026-09-30,106,3,103,LIM-01
764ae264-1fa9-49e0-97e7-ff51d2b6d9a4,15366c49-b775-447f-bbfa-a3c708d58899,2026-09-30,81,2,79,AQP-01
2ebf602f-ca49-44a0-a26f-d9ce5094405d,9f305fb9-776d-41b4-b54f-11970707d15c,2026-09-30,115,11,104,TRU-01
64730c4a-ab58-4a3b-9f1c-44364209019d,1cc40f4f-d022-43f4-83f6-7f2db687adc4,2026-09-30,156,13,143,TRU-01
074dcd09-1738-4a49-88ff-ddb4e2d251b0,9892091e-6e5a-42f0-9ff8-afbc17b8b21d,2026-09-30,25,12,13,AQP-01
b0c82702-83d4-4b81-ac2e-a528f7c4edf1,7f29e396-f186-4a6a-a668-561eb2739237,2026-09-30,71,11,60,TRU-01
789ca24f-8f1a-4af7-92ed-be88b01dcdc2,5f32755a-fc57-403f-a92e-f1e7f5f1dd9f,2026-09-30,149,1,148,LIM-01
4cf636cf-7343-4d07-b043-167bc4c811d0,915d56c8-9064-48dc-9af2-ec3ee9738189,2026-09-30,25,3,22,LIM-01
4823d6af-f705-43df-82b4-2f51eb1c1125,7fb44b52-d3e7-4c9c-844a-e6923704557d,2026-09-30,57,11,46,TRU-01
b328b4af-8872-41fb-bb47-6b9f5650f439,64d987c0-00ed-43f8-bbcf-cfca7e557340,2026-09-30,0,0,0,AQP-01
27fceb28-d71c-4377-8cd4-d04e3aa1ff32,e577b494-9836-4922-8c07-0dcfa95df8b7,2026-09-30,156,9,147,AQP-01
9a9145fc-d00d-4961-9c26-0b2f95d5e91a,5307c421-1070-4dc0-bdcc-729f66776c0b,2026-09-30,103,0,103,AQP-01
3c95b0cc-b199-4e35-ba15-e202f3be4779,e214adb9-066e-42bc-9319-218dffccfd16,2026-09-30,75,1,74,TRU-01
14d9be4a-1696-4164-bc6a-c19336ee0bd4,d41d7660-5c38-4c73-9441-798a20e74859,2026-09-30,138,0,138,AQP-01
8b558381-ef54-4fed-b2e3-34492d824655,ca039771-bcd9-4a27-a114-1d6f2a3abf7b,2026-09-30,82,5,77,LIM-01
4b3a42e1-0eb5-4fbd-a560-964c1ebf67bb,c7c3979d-b9a9-405b-92fd-579c4ead0cc4,2026-09-30,119,8,111,AQP-01
96775dc6-8b1e-47ca-876b-539a4e9eda26,66971519-ccd4-494a-9848-a91a8120204c,2026-09-30,0,0,0,TRU-01
9645cb6b-5942-42ad-8446-86789e29ebd6,2de8f725-280b-439f-97aa-708dd3a4d193,2026-09-30,42,12,30,TRU-01
4a63f54e-467b-4dac-a588-3365feb2927a,a7e73279-de5d-4f7d-9659-955f2c1ec2c0,2026-09-30,132,7,125,LIM-01
2da7d9c1-1b69-4926-a2e7-3b0b6111495b,5e257d0e-dd6c-4236-a491-0f78998629d0,2026-09-30,46,2,44,LIM-01
32335dd0-6395-4066-b928-fea5912f645b,35e4f900-75b2-4ef8-ba08-4df5f748dea3,2026-09-30,52,6,46,TRU-01
c7cf0c20-3517-4a59-be13-f328896eba9b,359ef18f-4bbf-4bd1-8ade-e876307f36a7,2026-09-30,171,6,165,LIM-01
31c7cd05-8a79-466a-87fb-6ec2cb333b6c,11b3e4ed-bbee-4796-9308-cef6d52b6f20,2026-09-30,25,1,24,AQP-01
9ce036f0-0a98-41b7-9260-235dcf45e792,79b0b075-4feb-48f7-ae02-430b25e5f963,2026-09-30,108,2,106,TRU-01
2a8cdd3d-c306-46a8-b87d-62ebe5dfa6e4,c14ca1fe-2fff-46ce-940c-80d923223198,2026-09-30,178,1,177,LIM-01
f5d34275-c099-4d36-b7d0-de44342da393,0b79dcba-6f2a-409a-9769-751a37ce59f6,2026-09-30,148,1,147,TRU-01
90c0f0a6-6430-471e-a0fe-3943b1658c2e,3076c108-3ef1-418e-acf8-b8bb00e5e800,2026-09-30,1,0,1,AQP-01
9721aa53-4846-48c8-9d5e-7da5ef968fba,688cae56-4396-4496-851e-4da6c5a43f3d,2026-09-30,21,2,19,AQP-01
951a1a96-1656-49f7-a854-e3d788a67db8,388b7223-5d5c-40ff-b432-83abb04d73b3,2026-09-30,160,10,150,AQP-01
a38ea5d1-8c91-45a1-8804-10ca0a1854d2,7e2fcdd4-a5b5-4181-8db2-47fd6152782f,2026-09-30,101,13,88,LIM-01
282c79df-f571-4c79-bf1a-23e86a5efaa4,b0367802-0712-49ec-9c0f-3e25cbd83702,2026-09-30,42,9,33,LIM-01
6431f48a-50e9-42ea-aa5c-4201acad6efa,a0910df2-0f6d-4f88-b841-7c2f55829e0b,2026-09-30,122,14,108,TRU-01
04e71a6e-a8b5-43a7-8e60-e498026bde73,a81b2253-d8f6-462f-886a-4ba6ff75b8c9,2026-09-30,61,8,53,TRU-01
1ec55353-0d1a-4df5-b559-4b4081cc50ae,aeddb5a3-8295-4c0e-8775-ea67f5331f4b,2026-09-30,17,5,12,TRU-01
c43d61f0-ba15-4633-89c9-725f51b09394,c4ebde71-fe02-4900-a6c9-cc604591c4fb,2026-09-30,83,13,70,LIM-01
401ab3c0-5e44-400c-bafd-aa1d31fc64e3,8c061185-fcc7-4601-adaa-14603361d2dc,2026-09-30,63,1,62,AQP-01
0c70c738-ce28-46ce-a51f-8951b82005a7,30f32063-baf1-4a87-b327-9ce9fb270288,2026-09-30,40,1,39,TRU-01
b483a3c4-0a8a-47ef-be35-7aeffa4dcd40,fac6ada9-4ca6-48a8-b7bb-37d4b5b2766f,2026-09-30,114,2,112,LIM-01
1058db10-cde8-4d26-a70e-2c8fbe0bbcaf,13a9bff3-2330-4bfd-9a00-afdbba1bda5a,2026-09-30,12,3,9,AQP-01
a89dafc8-6fc9-4f1d-bb48-45ff97a1a9b5,7a861562-38a5-448a-8409-97709f6372f8,2026-09-30,80,2,78,TRU-01
b0146299-881d-4cff-9077-824f73148aec,bc0f0741-4962-47cd-89bf-005d75b67202,2026-09-30,25,9,16,LIM-01
552b1a60-0220-4ab7-9b52-05ab6b1ac7a8,a262a1a3-b1fb-4bf0-a3cb-78e343819a4d,2026-09-30,89,10,79,TRU-01
e20d91ab-0b92-477a-a8d5-9e5202fec42b,fb7e7a22-61ae-4a1a-9772-2be3d79d97db,2026-09-30,122,6,116,LIM-01
a742380b-ce58-4af6-a7ae-44e24b2d9b58,7bdfdd81-c3b2-462f-a0f9-62e57d075024,2026-09-30,89,6,83,TRU-01
067d9c52-ba95-428f-98db-8a5a84b93d55,3a1be4da-4b28-4616-9151-03da27cbb44b,2026-09-30,14,11,3,TRU-01
c2464a80-df63-4fed-91c4-77ea2637b304,ab8e8593-f3dc-4c14-b53a-60e3872fc884,2026-09-30,9,0,9,LIM-01
1cd10f61-2ff8-43a7-9d2a-de726e112ea1,712b222e-3c7d-4ee4-b3a0-c41e808f4784,2026-09-30,110,2,108,AQP-01
bee376b3-6ed8-4c9b-a5a7-6f0db4aa0a55,7203bb67-8e37-4887-8011-b2d0d6f036f3,2026-09-30,155,14,141,AQP-01
122b4dfa-5548-45f6-813e-d70f04cb1fd8,6cde87d7-6258-446c-9563-02cf2f0d2ada,2026-09-30,91,9,82,TRU-01
7d139d49-6ca7-430e-ab71-1c99f26f43fa,92171312-b75e-4226-9d4b-845d5ea08155,2026-09-30,20,11,9,TRU-01
9ddab2d2-727b-4fb6-88cf-6658d2446957,e3019667-1164-4228-9f3b-9aadc08a69fb,2026-09-30,68,10,58,LIM-01
515f4d3c-ca36-41fc-ab29-7a22e2a1558e,bb458257-8b98-4f58-8ae6-a510207a73db,2026-09-30,115,10,105,LIM-01
4045bcce-4b41-49d9-ad2f-adc8bbe63a16,d915547d-73ec-412f-90e0-89da3a4c9259,2026-09-30,27,3,24,TRU-01
22213b0b-fc0a-428a-bc24-d7b52400786e,443ab17e-e9fa-4f6b-836e-5c22337f1ca6,2026-09-30,1,0,1,LIM-01
f096a9b4-31f2-4a9a-9b3e-6525ef2dcd84,a7711b52-4435-448e-819e-98a2dbe8cf8f,2026-09-30,97,2,95,TRU-01
a3ebccc8-74a6-4f4d-9636-9a82205a8280,e2df9836-940f-476a-8d45-7e32dc8fba89,2026-09-30,51,1,50,AQP-01
8a641b44-4e05-4bb0-ad64-c200ee85a891,1e456211-978c-446b-b7d4-b2e5fee2ce93,2026-09-30,0,0,0,AQP-01
7fa5821b-4e7c-46ff-a701-af867bb05597,c17db5e1-5b57-4daa-9db3-680575762928,2026-09-30,154,12,142,TRU-01
1ad86869-f271-46ba-8b80-25e8ae38cebd,24f2611f-fb3f-4cde-b2f3-5e9a0ace81de,2026-09-30,179,1,178,AQP-01
087094cb-51ee-4857-bfdc-48f50041c40e,6bfb919e-7818-4425-9cb5-56067eb4003d,2026-09-30,6,3,3,LIM-01
5b9026a5-2c7e-47a8-94cb-d81d4beb3eb4,ee83706c-c527-42fd-ab15-94e18ad6b215,2026-09-30,0,0,0,TRU-01
d3155eee-eb02-4b35-8f1b-72cfc84b61d8,0c180dc4-e47f-452f-a34f-88535b3036ae,2026-09-30,144,3,141,AQP-01
1130c9ee-b919-4a66-ac76-4c6a8526320b,22d9f4ea-06b1-414a-837e-ea9c75949c2a,2026-09-30,62,13,49,LIM-01
324ef08b-4111-4de0-9da9-fabd02a6b9ba,97418cf1-a3f0-44e9-a7f5-8a194d37e5b7,2026-09-30,35,10,25,AQP-01
a8912e59-5415-410e-b258-69d328419dd4,87fdde90-b04e-4a48-a7f3-b3291767395f,2026-09-30,100,1,99,LIM-01
2de3f301-d0ef-4035-a0ad-f55a62ee3ce3,3d7ec3d1-13c0-4676-8f43-16ce944a0b29,2026-09-30,3,1,2,AQP-01
af334fd3-922d-49e9-9ff3-35931338c891,b76a4490-6dc3-4f1d-bf7b-0ee89965fe8c,2026-09-30,105,14,91,AQP-01
df69bad4-37e7-48c9-a442-3c6c1a9cd40f,927c85f0-e0c7-46e7-86c9-afba348bbf2d,2026-09-30,134,11,123,AQP-01
011e716c-7400-444b-a99f-ba6d1957c475,331bd900-2461-4de2-bc68-20ee5b66c42e,2026-09-30,97,10,87,LIM-01
b5b8f198-6327-47d8-824d-7ab619310e4f,80727ca5-bc93-48a6-8954-d917c2ebdf28,2026-09-30,168,12,156,AQP-01
15cbc473-3211-4c83-b4d7-b94ff978a951,9046ff08-a3e8-4842-bd72-2d330026a774,2026-09-30,206,14,192,TRU-01
0cd45acb-238c-43c5-aba8-a2e5d9e6962b,879bf45a-c643-4b6b-b9b1-cc050d7a3a45,2026-09-30,188,11,177,TRU-01
3db52bf9-351c-4669-8ce4-18966ad72dc2,72d00c6b-d48a-4b98-8889-f84d9d394d03,2026-09-30,168,12,156,TRU-01
f7289eb5-69ba-4f99-92c8-fc93d33ee005,87229156-2ac8-47e1-abc4-73797ae405a9,2026-09-30,110,7,103,LIM-01
3606f349-756a-4619-9906-2de51aac3f55,b81d7592-8385-47cd-98e2-043fd1b8eb67,2026-09-30,162,10,152,AQP-01
8336f56b-110a-4e19-b814-f3f88cdef942,3cee9d76-7a36-48e3-ae26-dff70cd435e5,2026-09-30,3,2,1,AQP-01
4ccc5a0d-dcae-4640-8786-a140d0efe50c,10cbe6ad-6424-41ec-978d-653588f6091b,2026-09-30,13,0,13,TRU-01
3f5b9aa0-d352-4b61-aefc-5013ade2e758,90878bee-d127-4a14-80bf-0a07945a4599,2026-09-30,101,1,100,AQP-01
ef086dd5-7c39-4d0c-a113-a28b66003026,19c71f0b-c223-40f7-9b3f-715a7a772467,2026-09-30,91,5,86,TRU-01
14dd0f1c-c563-4bf3-815b-942db8a01e16,ae7c02b8-f8e5-41f7-800e-8411bc62b6e0,2026-09-30,16,10,6,LIM-01
a75e306b-12db-42b4-99de-e9a70387b264,13713fae-c44e-4027-933f-fcc017e784a6,2026-09-30,15,12,3,TRU-01
de31e184-a95a-4a1c-977e-46536eb3a223,eaeaeced-34dd-4430-a336-b700b16a901f,2026-09-30,206,0,206,TRU-01
d221c66f-075a-45ea-a0a2-cdf690cac1e6,4e9169c6-ab5a-4135-ad91-b4895756c721,2026-09-23,107,6,101,LIM-01
c245d223-3543-4c02-bd5b-c07a07861f6e,6ae827d7-f2fd-4257-bb5d-691bdbbb06ee,2026-09-23,8,6,2,LIM-01
6f0eb55e-9ce1-4ac5-8891-fc8d504b130d,1e242fb3-4b52-4fa6-a506-cb8a203495e1,2026-09-23,106,11,95,LIM-01
367b8b2b-8fd0-4419-8e7a-f6307a42a149,94e6c20a-565b-4334-8466-cfb1c4ba1124,2026-09-23,184,3,181,TRU-01
e8b21653-eac5-40c2-aa2b-d41b9efe0eed,6fa921ae-d941-4ebf-8858-26a1ea7b09f5,2026-09-23,49,14,35,LIM-01
e11a3b24-204f-47ab-8efd-58a51cf7eeec,3aeac099-8c2d-4593-8e85-057dd2446e8b,2026-09-23,162,4,158,AQP-01
25ed4120-fc56-4a42-891c-87f49d90ef77,df80a3f3-e3c1-4c79-b98d-3c53abd49355,2026-09-23,166,9,157,AQP-01
994f35e8-9fae-4e44-aec4-b6d3702d915f,35441efc-21de-4a55-869c-f7a71e17aa82,2026-09-23,0,0,0,TRU-01
9d573058-86ce-42ed-8787-dc780f923570,01db3425-0a32-404d-9ec3-c33cf95d7f01,2026-09-23,51,6,45,LIM-01
a7a317c9-ad70-411f-b0e1-2c82428b9f81,e9aaeee7-b19e-4be7-84a8-2b06831b136f,2026-09-23,87,12,75,AQP-01
4dd975ff-a7dc-4b77-9272-11582e4bffdb,6650b20c-c2b2-482f-ad84-929e10988708,2026-09-23,36,10,26,AQP-01
2240e58a-0622-4aa3-a9a8-856706eadf46,7ac08228-dbe3-4cbd-b18c-f5299346e1e3,2026-09-23,146,4,142,TRU-01
d58b2fa5-15f5-4ed8-8097-8040a4530749,ac6c6879-cbf0-4078-b888-ebe1f2e5b69a,2026-09-23,186,11,175,LIM-01
f23b56a2-cc26-4f78-8b42-7853c5d4b978,15121d79-b5c8-4beb-a6c8-8dc56822dbd6,2026-09-23,159,5,154,TRU-01
5708d10f-7882-4735-ae87-eb59a013da22,25a4a35c-a74a-4bc7-8292-cfb4eff1d185,2026-09-23,8,6,2,LIM-01
793bd658-69e3-4581-a099-dd882fa70dc1,7d5f00d3-dd68-4284-9a0c-25f79c4ea661,2026-09-23,37,9,28,TRU-01
e4ca43a5-8d15-4167-9fef-6baf8f1f22dd,5f38eba0-499b-4072-a65d-69a789912aba,2026-09-23,12,9,3,TRU-01
9e340e28-91b2-4043-86d5-b2ac4d5ea4c3,d3fd882f-74a8-4d58-911d-23777e7fe5e2,2026-09-23,29,13,16,TRU-01
0b835511-5c7f-409c-98e4-6922f3676df7,2153c6d9-96a0-4e04-be01-45fa21ff2f99,2026-09-23,0,0,0,LIM-01
1beb333a-3662-4d2d-9a96-b0996dcdc64f,17d716d3-9315-45ac-9b14-982a6ccf8bbd,2026-09-23,121,12,109,AQP-01
7ce36f34-95e1-4b0a-b09d-457ce5b3cc45,74a1fb4b-e48e-4c3f-83da-09452e9708bf,2026-09-23,97,14,83,LIM-01
9be9e8d9-503b-49c5-bfdc-66a6fd9ec411,2bdfa00d-780d-4342-8fbb-172e31f7b126,2026-09-23,106,11,95,TRU-01
3e056b85-3a1a-4c67-8f90-821cf937bba5,3ec54808-05db-4f32-8e48-e86a81960a77,2026-09-23,163,9,154,LIM-01
6e1e7224-0969-4d38-a9da-85d284d7ed8e,81fa3092-cf08-4596-a23f-fa87d0bb5e17,2026-09-23,13,8,5,TRU-01
b5e5bf58-3452-442d-97ea-8f27684078d8,4bc42ea3-97fd-4d53-801f-1f431a781f6a,2026-09-23,69,2,67,LIM-01
ff3399aa-5e56-4820-91cb-51af21b98e73,2faaa7a4-beaf-47e4-8fb2-2e2bde1d8e0e,2026-09-23,161,5,156,AQP-01
91abe35c-ffee-47bc-8e57-dcdc39fee47c,53fcdbbe-4e84-4f49-9a5d-3b47e512f2f4,2026-09-23,167,12,155,AQP-01
5a131a54-8a1b-4bd5-9ec2-6afdbd8a5fe1,462778c3-cb66-491d-92ac-5fa099155f61,2026-09-23,95,0,95,AQP-01
a1438039-72e1-43b6-ab99-bcaab7964c6e,70f26093-f0a9-44a6-8de6-705c89c98340,2026-09-23,126,14,112,LIM-01
9bc0c2d0-45b9-410b-a15e-df2ccb3ab95b,af38b8b5-14d7-4e43-9f4f-cd924430278c,2026-09-23,8,7,1,AQP-01
85f331a7-6082-4854-85f1-c17899663df4,ffb01a9a-d2a9-4872-92dd-e6ca72a3e56f,2026-09-23,6,0,6,AQP-01
d7981df2-48fb-4e8a-a190-d82aab724984,76b52cae-e1b0-4e85-9f0b-beee091eccec,2026-09-23,27,1,26,TRU-01
7986dff7-e267-4912-a3d1-fc798e28dbeb,7192d93d-75d5-4cba-95f5-39fa51ff8e4f,2026-09-23,30,3,27,AQP-01
c25793ba-5a05-4c5f-be61-aa4d902d9d47,d84711ef-6e65-43c6-b83d-14cdeae30abe,2026-09-23,175,5,170,TRU-01
ccaab0e2-906f-40b7-83bd-4d3b3dc93303,5c13a98c-142d-44d4-ad64-15034ba87253,2026-09-23,84,7,77,LIM-01
c21764ad-0cde-48d4-a85c-726e451cd732,c7585597-f4b3-4f98-bdb4-f48fc0b74709,2026-09-23,154,7,147,LIM-01
5b40509d-841e-4153-9e15-432c2b412e13,7502eb4c-0529-475c-a79a-eaf9f4866cee,2026-09-23,2,1,1,LIM-01
27f0ef68-99c4-4ba2-aa98-c5c418ba85d1,362e8e6b-ac1f-4fda-9a08-9a3ee4eefd5f,2026-09-23,11,6,5,LIM-01
1b695e2e-748a-408b-8a3d-a05b75e7b72b,a4efef4f-c16e-48d0-9b2d-8c4614c1d7c1,2026-09-23,113,4,109,TRU-01
3620debd-9325-46dd-b56d-88488a57d3d7,15366c49-b775-447f-bbfa-a3c708d58899,2026-09-23,54,12,42,AQP-01
32d29efa-9dc3-4c43-9bd9-6b052fb0e871,9f305fb9-776d-41b4-b54f-11970707d15c,2026-09-23,92,7,85,AQP-01
842b301c-61dc-4989-af21-9adfdf11c70a,1cc40f4f-d022-43f4-83f6-7f2db687adc4,2026-09-23,129,10,119,LIM-01
3e704e6c-128a-4cd8-830c-eccb11bcf0a2,9892091e-6e5a-42f0-9ff8-afbc17b8b21d,2026-09-23,6,3,3,TRU-01
83fa7421-cd73-416d-9e12-893b481e6da9,7f29e396-f186-4a6a-a668-561eb2739237,2026-09-23,52,14,38,TRU-01
03f40638-6b8a-43d8-9d08-7e5b5d14b364,5f32755a-fc57-403f-a92e-f1e7f5f1dd9f,2026-09-23,158,12,146,TRU-01
24fb7b80-def2-42c8-8aed-90ed97396302,915d56c8-9064-48dc-9af2-ec3ee9738189,2026-09-23,17,3,14,TRU-01
170e07f5-9c44-499f-a0c3-d0db2974efb9,7fb44b52-d3e7-4c9c-844a-e6923704557d,2026-09-23,48,7,41,TRU-01
772a1210-8310-48ef-b7ed-6f7706038c3b,64d987c0-00ed-43f8-bbcf-cfca7e557340,2026-09-23,5,3,2,AQP-01
6fb98748-5ebe-45bd-8b4a-35eacf06be1c,e577b494-9836-4922-8c07-0dcfa95df8b7,2026-09-23,145,13,132,LIM-01
d4d82969-f430-4aae-a1c6-dd565f86a2fe,5307c421-1070-4dc0-bdcc-729f66776c0b,2026-09-23,112,13,99,TRU-01
2a972f17-da95-4d28-ab2d-ecf2a705fe3e,e214adb9-066e-42bc-9319-218dffccfd16,2026-09-23,74,3,71,LIM-01
e32599ae-b29a-40bf-a7eb-403317e99d10,d41d7660-5c38-4c73-9441-798a20e74859,2026-09-23,122,10,112,TRU-01
fcb7b63a-0c20-4854-936f-5c0edb24a4b6,ca039771-bcd9-4a27-a114-1d6f2a3abf7b,2026-09-23,79,13,66,AQP-01
f9c00df0-4a8a-4ecf-b31a-e8ec6f41e720,c7c3979d-b9a9-405b-92fd-579c4ead0cc4,2026-09-23,102,11,91,TRU-01
7f306e88-2488-4c59-b7c3-1706e26ddd90,66971519-ccd4-494a-9848-a91a8120204c,2026-09-23,0,0,0,AQP-01
e303e1e8-5f24-4244-96fc-acdcbc28d805,2de8f725-280b-439f-97aa-708dd3a4d193,2026-09-23,55,6,49,AQP-01
4303db79-5053-443f-91a4-eab948ab6435,a7e73279-de5d-4f7d-9659-955f2c1ec2c0,2026-09-23,121,8,113,TRU-01
ba6770bc-0481-4f11-9d63-80e53834a590,5e257d0e-dd6c-4236-a491-0f78998629d0,2026-09-23,40,7,33,LIM-01
f869a2be-aef2-4961-86c2-9136bc9d002d,35e4f900-75b2-4ef8-ba08-4df5f748dea3,2026-09-23,27,10,17,LIM-01
7733fb77-18ad-4dc6-8c50-5d2558a04d41,359ef18f-4bbf-4bd1-8ade-e876307f36a7,2026-09-23,160,11,149,TRU-01
9ca6db19-4942-4771-8a4c-cfa22345f564,11b3e4ed-bbee-4796-9308-cef6d52b6f20,2026-09-23,18,10,8,LIM-01
b8ffbfae-7840-4e93-b07a-6d1e84d280fd,79b0b075-4feb-48f7-ae02-430b25e5f963,2026-09-23,80,5,75,AQP-01
b3e085bd-0a3f-434b-a860-a896d842483f,c14ca1fe-2fff-46ce-940c-80d923223198,2026-09-23,192,7,185,TRU-01
3794d3a4-12a9-4d5a-b94a-0a1a0d1a4a15,0b79dcba-6f2a-409a-9769-751a37ce59f6,2026-09-23,150,4,146,TRU-01
b2687515-bb36-47df-b565-4ac34b3b699f,3076c108-3ef1-418e-acf8-b8bb00e5e800,2026-09-23,0,0,0,AQP-01
b141eb90-119f-47aa-8360-afd8ac82da7d,688cae56-4396-4496-851e-4da6c5a43f3d,2026-09-23,0,0,0,LIM-01
ef33dc17-93ef-4d73-8e5a-a23c6d9ea039,388b7223-5d5c-40ff-b432-83abb04d73b3,2026-09-23,178,2,176,AQP-01
25d1ffde-3b39-4cab-9808-6cbc13af973d,7e2fcdd4-a5b5-4181-8db2-47fd6152782f,2026-09-23,74,2,72,TRU-01
ec2b4d7f-9bd5-4abe-a08f-92d227ec17fe,b0367802-0712-49ec-9c0f-3e25cbd83702,2026-09-23,25,10,15,TRU-01
9d816f84-5a98-422f-83f9-d6952fe98983,a0910df2-0f6d-4f88-b841-7c2f55829e0b,2026-09-23,133,12,121,TRU-01
fd31e509-59bd-4858-8cde-23cc97f89318,a81b2253-d8f6-462f-886a-4ba6ff75b8c9,2026-09-23,44,5,39,LIM-01
d085ff0c-d637-460d-9aa5-5d0e4334d66d,aeddb5a3-8295-4c0e-8775-ea67f5331f4b,2026-09-23,30,10,20,LIM-01
5cf3bd75-5614-4bb2-813d-419d6e8eb88e,c4ebde71-fe02-4900-a6c9-cc604591c4fb,2026-09-23,61,13,48,LIM-01
dc2002a1-922c-49b7-8a70-f8bc4e03364b,8c061185-fcc7-4601-adaa-14603361d2dc,2026-09-23,31,6,25,LIM-01
bb157678-e1df-488e-8a21-75b003a79f93,30f32063-baf1-4a87-b327-9ce9fb270288,2026-09-23,53,7,46,TRU-01
0d6c5b02-b3ed-4164-bd8c-76525b1cf56a,fac6ada9-4ca6-48a8-b7bb-37d4b5b2766f,2026-09-23,85,0,85,TRU-01
11b8a790-e36a-4a01-a19c-329c38cbdb71,13a9bff3-2330-4bfd-9a00-afdbba1bda5a,2026-09-23,2,0,2,LIM-01
e4fc627d-257c-4f9b-a41d-06edcc8248db,7a861562-38a5-448a-8409-97709f6372f8,2026-09-23,52,9,43,AQP-01
cec732ac-3b1a-4b6b-8c38-e1ec8883492a,bc0f0741-4962-47cd-89bf-005d75b67202,2026-09-23,0,0,0,TRU-01
79d687dd-7a31-4b77-883c-c8139646ea14,a262a1a3-b1fb-4bf0-a3cb-78e343819a4d,2026-09-23,66,13,53,AQP-01
ec7696e0-fd9c-4807-99c1-137d807c1f71,fb7e7a22-61ae-4a1a-9772-2be3d79d97db,2026-09-23,96,4,92,LIM-01
c36b6225-e27b-406c-8ebd-27f7d558cbf8,7bdfdd81-c3b2-462f-a0f9-62e57d075024,2026-09-23,95,6,89,AQP-01
1c2c7eea-6021-4184-854d-0cf0f52522f4,3a1be4da-4b28-4616-9151-03da27cbb44b,2026-09-23,0,0,0,AQP-01
28a88eb0-8b96-4046-b23d-64576a4570f1,ab8e8593-f3dc-4c14-b53a-60e3872fc884,2026-09-23,7,6,1,TRU-01
ef4646d0-eb44-4c94-97bc-7a5045a6fa20,712b222e-3c7d-4ee4-b3a0-c41e808f4784,2026-09-23,113,12,101,AQP-01
8ae4ca34-decd-45d7-8ebc-b15626f4000f,7203bb67-8e37-4887-8011-b2d0d6f036f3,2026-09-23,155,13,142,LIM-01
50e442fa-c96d-456d-98de-5d7428ead2d7,6cde87d7-6258-446c-9563-02cf2f0d2ada,2026-09-23,79,11,68,LIM-01
d6540f49-2e56-4f89-9eb2-18d4061b80e5,92171312-b75e-4226-9d4b-845d5ea08155,2026-09-23,42,3,39,LIM-01
896bbb63-8a57-4cd5-b3aa-297adfb750eb,e3019667-1164-4228-9f3b-9aadc08a69fb,2026-09-23,71,11,60,LIM-01
292ff747-1396-4507-90eb-414f2f7213b7,bb458257-8b98-4f58-8ae6-a510207a73db,2026-09-23,109,12,97,TRU-01
f131995f-3d39-499e-a866-4fd085782a9f,d915547d-73ec-412f-90e0-89da3a4c9259,2026-09-23,39,10,29,AQP-01
73ef8c75-678f-45ea-a207-1908441e4cb4,443ab17e-e9fa-4f6b-836e-5c22337f1ca6,2026-09-23,0,0,0,AQP-01
986c1b86-644c-49b2-9f9f-2b19899409c5,a7711b52-4435-448e-819e-98a2dbe8cf8f,2026-09-23,76,6,70,AQP-01
9e2d2fcc-8440-4e5f-b361-7b722382d0b7,e2df9836-940f-476a-8d45-7e32dc8fba89,2026-09-23,26,6,20,TRU-01
606bd962-cdae-44ce-a948-161d78bfde9d,1e456211-978c-446b-b7d4-b2e5fee2ce93,2026-09-23,0,0,0,LIM-01
703176c5-2738-4ce9-bc3b-92196645d4aa,c17db5e1-5b57-4daa-9db3-680575762928,2026-09-23,150,10,140,LIM-01
0aa6652f-b6c9-4139-a5e3-d908082521a6,24f2611f-fb3f-4cde-b2f3-5e9a0ace81de,2026-09-23,164,3,161,LIM-01
f1f3e527-cde0-4216-87d4-cbc62878bf60,6bfb919e-7818-4425-9cb5-56067eb4003d,2026-09-23,1,0,1,AQP-01
d00a4db0-0d66-456f-b097-44cacfed8fec,ee83706c-c527-42fd-ab15-94e18ad6b215,2026-09-23,2,0,2,TRU-01
df6a2a0f-3663-452d-8b67-48d20c2ebf1d,0c180dc4-e47f-452f-a34f-88535b3036ae,2026-09-23,119,10,109,TRU-01
e653301a-1254-47b9-bd6d-2f74ed6c7912,22d9f4ea-06b1-414a-837e-ea9c75949c2a,2026-09-23,49,11,38,TRU-01
e8ef892a-f84e-4027-a937-f3d8b60158bf,97418cf1-a3f0-44e9-a7f5-8a194d37e5b7,2026-09-23,23,4,19,AQP-01
085ba959-be5f-44d7-aca6-603054780ba1,87fdde90-b04e-4a48-a7f3-b3291767395f,2026-09-23,106,3,103,LIM-01
244c5eb5-7987-4e8a-844d-070e5f8f5f6f,3d7ec3d1-13c0-4676-8f43-16ce944a0b29,2026-09-23,0,0,0,LIM-01
0f4f8152-e7f5-485f-bfa1-aeae227049a5,b76a4490-6dc3-4f1d-bf7b-0ee89965fe8c,2026-09-23,91,7,84,LIM-01
2c12fa66-26c4-4921-9a21-55c6cb25a27e,927c85f0-e0c7-46e7-86c9-afba348bbf2d,2026-09-23,111,6,105,TRU-01
7124bcb1-fb0b-4ec6-a33e-1538a5059818,331bd900-2461-4de2-bc68-20ee5b66c42e,2026-09-23,113,11,102,AQP-01
7762f8ab-a63f-42db-8988-f3fd65980c5e,80727ca5-bc93-48a6-8954-d917c2ebdf28,2026-09-23,185,1,184,AQP-01
bbdbbaea-5715-4f47-8b01-62c3169fd703,9046ff08-a3e8-4842-bd72-2d330026a774,2026-09-23,175,4,171,LIM-01
cc1acdb4-f266-4a15-b59e-edde5878320e,879bf45a-c643-4b6b-b9b1-cc050d7a3a45,2026-09-23,177,1,176,LIM-01
e249f2a0-4200-4b05-b7f9-eaa10f326dfc,72d00c6b-d48a-4b98-8889-f84d9d394d03,2026-09-23,166,9,157,LIM-01
ae106fea-051e-4e7f-8dcc-fc2ccfb3e008,87229156-2ac8-47e1-abc4-73797ae405a9,2026-09-23,111,3,108,AQP-01
02768002-d75d-48ce-a0f2-9bf4f8dcd714,b81d7592-8385-47cd-98e2-043fd1b8eb67,2026-09-23,161,0,161,LIM-01
2c3d720a-00e0-48e8-b5cd-f316ac6b0f16,3cee9d76-7a36-48e3-ae26-dff70cd435e5,2026-09-23,7,1,6,TRU-01
8ebb4183-8ec5-4f66-b358-b29ea8c12905,10cbe6ad-6424-41ec-978d-653588f6091b,2026-09-23,4,1,3,TRU-01
dc82e746-cecb-4006-9763-881212f45da0,90878bee-d127-4a14-80bf-0a07945a4599,2026-09-23,94,8,86,LIM-01
feeef743-ae23-4216-8d2b-d639a39e3999,19c71f0b-c223-40f7-9b3f-715a7a772467,2026-09-23,109,3,106,AQP-01
2cf1315d-4d64-4166-bfed-4284c29d4f30,ae7c02b8-f8e5-41f7-800e-8411bc62b6e0,2026-09-23,7,2,5,AQP-01
ef24d277-0f47-4990-95aa-c190d9fb236b,13713fae-c44e-4027-933f-fcc017e784a6,2026-09-23,14,11,3,LIM-01
c7cc8487-b5fb-4a2c-a8fb-f9626fb92fbc,eaeaeced-34dd-4430-a336-b700b16a901f,2026-09-23,186,12,174,AQP-01
2d79e353-215d-4593-b0e3-672aa14a41c6,4e9169c6-ab5a-4135-ad91-b4895756c721,2026-09-16,115,4,111,AQP-01
e5b204c0-10ee-4de6-8cc4-6dfb1437ac77,6ae827d7-f2fd-4257-bb5d-691bdbbb06ee,2026-09-16,0,0,0,LIM-01
282c9424-def6-4d6f-bd68-f388b6164b3b,1e242fb3-4b52-4fa6-a506-cb8a203495e1,2026-09-16,91,9,82,AQP-01
863d6fa1-5fe9-4bb8-b227-61725f55b135,94e6c20a-565b-4334-8466-cfb1c4ba1124,2026-09-16,173,3,170,TRU-01
24030116-7eae-4bbd-9fc1-1328f5377da3,6fa921ae-d941-4ebf-8858-26a1ea7b09f5,2026-09-16,31,13,18,LIM-01
8e4e60a5-8c6d-423e-904b-0b369eefb772,3aeac099-8c2d-4593-8e85-057dd2446e8b,2026-09-16,168,3,165,LIM-01
2eb6a5e6-b2df-4300-b834-6886477b8173,df80a3f3-e3c1-4c79-b98d-3c53abd49355,2026-09-16,171,12,159,TRU-01
58283fb6-ce05-4ce6-8a12-5e8d1a2d94a6,35441efc-21de-4a55-869c-f7a71e17aa82,2026-09-16,0,0,0,TRU-01
2a39a1f6-55ad-496f-a773-912630fa0456,01db3425-0a32-404d-9ec3-c33cf95d7f01,2026-09-16,61,6,55,TRU-01
33c45826-aee5-4499-bcc6-4180da3a3b74,e9aaeee7-b19e-4be7-84a8-2b06831b136f,2026-09-16,76,8,68,AQP-01
08b2825b-c0ea-47d8-b358-4c3cf66d0d01,6650b20c-c2b2-482f-ad84-929e10988708,2026-09-16,30,3,27,LIM-01
a8200c3b-3872-4781-9101-a7f779c5cc12,7ac08228-dbe3-4cbd-b18c-f5299346e1e3,2026-09-16,125,11,114,AQP-01
a162351d-80e8-4e2d-b2fd-08bb68408740,ac6c6879-cbf0-4078-b888-ebe1f2e5b69a,2026-09-16,159,1,158,AQP-01
b06486d6-51b4-4826-97f7-45b796a51095,15121d79-b5c8-4beb-a6c8-8dc56822dbd6,2026-09-16,171,2,169,TRU-01
6f9f9705-2fbd-40fe-9e91-03ce936bab8f,25a4a35c-a74a-4bc7-8292-cfb4eff1d185,2026-09-16,0,0,0,LIM-01
9a5158d8-a3af-4dbe-bf5d-6c7eeac19680,7d5f00d3-dd68-4284-9a0c-25f79c4ea661,2026-09-16,46,2,44,TRU-01
d348abbb-adb1-4dcb-b18e-e21a77c70f69,5f38eba0-499b-4072-a65d-69a789912aba,2026-09-16,4,1,3,AQP-01
3eccc05c-4471-4521-a5c0-74aa9453541f,d3fd882f-74a8-4d58-911d-23777e7fe5e2,2026-09-16,18,13,5,AQP-01
5675f96b-d344-420f-aa14-30a75c7b1096,2153c6d9-96a0-4e04-be01-45fa21ff2f99,2026-09-16,6,4,2,TRU-01
1941f71d-6a11-4c90-9859-1600c09b4ec5,17d716d3-9315-45ac-9b14-982a6ccf8bbd,2026-09-16,116,4,112,TRU-01
2900d68b-00a4-4dd9-8c7c-bbce1a8737b4,74a1fb4b-e48e-4c3f-83da-09452e9708bf,2026-09-16,108,1,107,TRU-01
daad0be0-356c-477e-ba91-9a7bdb86d9e5,2bdfa00d-780d-4342-8fbb-172e31f7b126,2026-09-16,115,14,101,AQP-01
64ec2842-aa02-4c64-9b58-9222d9f85237,3ec54808-05db-4f32-8e48-e86a81960a77,2026-09-16,135,1,134,TRU-01
cc526f10-1ec7-4ccc-832d-8f5704d8e6dd,81fa3092-cf08-4596-a23f-fa87d0bb5e17,2026-09-16,18,10,8,TRU-01
f463804b-2e3e-470c-b5ae-9d12bab852db,4bc42ea3-97fd-4d53-801f-1f431a781f6a,2026-09-16,60,2,58,LIM-01
bf0cee7c-cb69-4d02-a658-048c35df2ae5,2faaa7a4-beaf-47e4-8fb2-2e2bde1d8e0e,2026-09-16,173,2,171,LIM-01
b4e35ff3-f1aa-4d7f-8df9-b272692e3545,53fcdbbe-4e84-4f49-9a5d-3b47e512f2f4,2026-09-16,164,11,153,AQP-01
fca3efe4-c90d-41b3-b6aa-62b67dcc0604,462778c3-cb66-491d-92ac-5fa099155f61,2026-09-16,91,9,82,TRU-01
3c125ea8-c610-4d74-b53f-678f152043e0,70f26093-f0a9-44a6-8de6-705c89c98340,2026-09-16,108,2,106,LIM-01
cd26d8be-24ba-4202-af9f-ebc30722963e,af38b8b5-14d7-4e43-9f4f-cd924430278c,2026-09-16,0,0,0,LIM-01
4fab2b3d-601f-44ad-a31a-bc8cee020b02,ffb01a9a-d2a9-4872-92dd-e6ca72a3e56f,2026-09-16,0,0,0,AQP-01
389e58d6-30bf-408e-8011-ddfa76292e19,76b52cae-e1b0-4e85-9f0b-beee091eccec,2026-09-16,42,9,33,LIM-01
43d60d49-3986-4ab9-98ac-5f126b1c525b,7192d93d-75d5-4cba-95f5-39fa51ff8e4f,2026-09-16,40,0,40,LIM-01
e0c22221-b62e-4fd0-ae23-674c36f15d41,d84711ef-6e65-43c6-b83d-14cdeae30abe,2026-09-16,153,11,142,LIM-01
55001d67-b028-4a07-aea7-1ee7792f0a70,5c13a98c-142d-44d4-ad64-15034ba87253,2026-09-16,75,4,71,AQP-01
9b896ef1-6547-41e1-8dc2-b01ca6ab33a0,c7585597-f4b3-4f98-bdb4-f48fc0b74709,2026-09-16,147,7,140,AQP-01
644f8311-fcfc-444d-8e60-885aee074bbf,7502eb4c-0529-475c-a79a-eaf9f4866cee,2026-09-16,0,0,0,LIM-01
5976ff53-01af-474b-84a8-25207e810374,362e8e6b-ac1f-4fda-9a08-9a3ee4eefd5f,2026-09-16,0,0,0,TRU-01
73644da6-f57c-49c6-9591-07f48872f77b,a4efef4f-c16e-48d0-9b2d-8c4614c1d7c1,2026-09-16,100,4,96,AQP-01
816838bc-01e6-4041-be64-39ee0ec084e1,15366c49-b775-447f-bbfa-a3c708d58899,2026-09-16,54,8,46,AQP-01
90962f2b-a983-4ee1-9815-550e96c6a8ce,9f305fb9-776d-41b4-b54f-11970707d15c,2026-09-16,109,4,105,TRU-01
91a31469-a2a8-4d83-ae1a-8bfecdd75d26,1cc40f4f-d022-43f4-83f6-7f2db687adc4,2026-09-16,143,2,141,LIM-01
0c856a01-2a16-4868-924b-91157a1b38a8,9892091e-6e5a-42f0-9ff8-afbc17b8b21d,2026-09-16,5,3,2,AQP-01
f14e9934-35b8-46fa-a5eb-9eeabd2d3349,7f29e396-f186-4a6a-a668-561eb2739237,2026-09-16,69,14,55,AQP-01
57e4d8ea-dcad-4662-a14f-276e50a114fd,5f32755a-fc57-403f-a92e-f1e7f5f1dd9f,2026-09-16,143,8,135,TRU-01
e9b8c4e7-db3b-49ff-bcaa-ac7d8267ccac,915d56c8-9064-48dc-9af2-ec3ee9738189,2026-09-16,4,2,2,TRU-01
d85e8deb-f228-41b8-889d-d23014920a6a,7fb44b52-d3e7-4c9c-844a-e6923704557d,2026-09-16,43,3,40,TRU-01
a202fbfc-3783-4911-bdd2-e70e84adf45c,64d987c0-00ed-43f8-bbcf-cfca7e557340,2026-09-16,0,0,0,TRU-01
88c23094-0b09-4de3-865c-e6ccdabbb9e0,e577b494-9836-4922-8c07-0dcfa95df8b7,2026-09-16,131,12,119,AQP-01
ec745909-2624-4942-967a-ad34f5eae676,5307c421-1070-4dc0-bdcc-729f66776c0b,2026-09-16,105,0,105,TRU-01
dc1be48e-cd3c-45eb-9228-fb4d3d50ca16,e214adb9-066e-42bc-9319-218dffccfd16,2026-09-16,58,7,51,AQP-01
965e398a-7a8f-41c5-a159-20c9c9eab341,d41d7660-5c38-4c73-9441-798a20e74859,2026-09-16,114,8,106,TRU-01
95f491b5-4524-4a1a-9249-ca6ee6e036b2,ca039771-bcd9-4a27-a114-1d6f2a3abf7b,2026-09-16,80,5,75,AQP-01
09eed360-9c2d-424e-879e-46f315f47fb2,c7c3979d-b9a9-405b-92fd-579c4ead0cc4,2026-09-16,109,8,101,LIM-01
decb97f5-257e-4bb9-80dc-e12adab82cc3,66971519-ccd4-494a-9848-a91a8120204c,2026-09-16,0,0,0,TRU-01
f266eb77-3656-44b4-9634-59c7221b7857,2de8f725-280b-439f-97aa-708dd3a4d193,2026-09-16,49,8,41,TRU-01
f222bb4b-def5-40d4-87c0-d80511cde54b,a7e73279-de5d-4f7d-9659-955f2c1ec2c0,2026-09-16,126,14,112,TRU-01
397e281d-cb2b-4ec0-93f5-2941250c3bdc,5e257d0e-dd6c-4236-a491-0f78998629d0,2026-09-16,21,9,12,TRU-01
eb94809d-2dfd-4b6c-8f04-de008728e429,35e4f900-75b2-4ef8-ba08-4df5f748dea3,2026-09-16,20,3,17,TRU-01
7dd9ac82-7632-4787-ac1c-741f3020b97f,359ef18f-4bbf-4bd1-8ade-e876307f36a7,2026-09-16,136,12,124,AQP-01
09425afa-96cf-4d68-9a24-c816ee38792d,11b3e4ed-bbee-4796-9308-cef6d52b6f20,2026-09-16,20,14,6,LIM-01
589f3d9e-30ef-4f25-9b0c-1fcdd4c252e5,79b0b075-4feb-48f7-ae02-430b25e5f963,2026-09-16,75,14,61,TRU-01
9d911568-d8c3-421e-9223-4e2f963834ea,c14ca1fe-2fff-46ce-940c-80d923223198,2026-09-16,167,9,158,LIM-01
d504d1b8-10a0-459e-893b-b8d7ce502459,0b79dcba-6f2a-409a-9769-751a37ce59f6,2026-09-16,137,3,134,TRU-01
a5420042-c247-4911-b001-a2d85229c507,3076c108-3ef1-418e-acf8-b8bb00e5e800,2026-09-16,6,2,4,LIM-01
a0683299-f32c-4a19-a266-3e5aec4777c5,688cae56-4396-4496-851e-4da6c5a43f3d,2026-09-16,0,0,0,TRU-01
0c678956-3f0b-4ed0-9e96-37b56a03b2b4,388b7223-5d5c-40ff-b432-83abb04d73b3,2026-09-16,154,14,140,TRU-01
66e6de05-534e-4b67-87e9-b6c5de4d135d,7e2fcdd4-a5b5-4181-8db2-47fd6152782f,2026-09-16,72,5,67,TRU-01
ae6ad14d-e3e8-4018-bea0-66780baf3527,b0367802-0712-49ec-9c0f-3e25cbd83702,2026-09-16,34,8,26,AQP-01
8becb496-d463-43c7-8857-20177897056c,a0910df2-0f6d-4f88-b841-7c2f55829e0b,2026-09-16,115,2,113,LIM-01
c64061ed-70af-4c3a-9f92-52cb42b07120,a81b2253-d8f6-462f-886a-4ba6ff75b8c9,2026-09-16,62,4,58,AQP-01
c7910271-8d53-4d14-b789-fcabc3ea18d1,aeddb5a3-8295-4c0e-8775-ea67f5331f4b,2026-09-16,23,8,15,TRU-01
e5403d5b-d563-4eae-8e60-89f786c6ff82,c4ebde71-fe02-4900-a6c9-cc604591c4fb,2026-09-16,58,2,56,TRU-01
158b9fae-913e-4a73-bfe9-211686557610,8c061185-fcc7-4601-adaa-14603361d2dc,2026-09-16,48,14,34,TRU-01
2d92760b-a416-49e6-9dc6-576ad702405d,30f32063-baf1-4a87-b327-9ce9fb270288,2026-09-16,27,1,26,TRU-01
24b84378-8304-4eb2-b8b5-eb8b3bea68b3,fac6ada9-4ca6-48a8-b7bb-37d4b5b2766f,2026-09-16,99,14,85,LIM-01
6d4645ea-56c6-4199-862e-d68de2c5b933,13a9bff3-2330-4bfd-9a00-afdbba1bda5a,2026-09-16,0,0,0,LIM-01
5e182731-dee7-40dd-bb49-e292edf1e0a5,7a861562-38a5-448a-8409-97709f6372f8,2026-09-16,54,12,42,TRU-01
51ea8b13-c918-4254-9d3e-a66703f5155b,bc0f0741-4962-47cd-89bf-005d75b67202,2026-09-16,17,8,9,LIM-01
b6cecd8e-c7b8-45a1-b691-a5498ff9b9e9,a262a1a3-b1fb-4bf0-a3cb-78e343819a4d,2026-09-16,79,6,73,AQP-01
4ae5e781-e124-4915-897d-042295340fdb,fb7e7a22-61ae-4a1a-9772-2be3d79d97db,2026-09-16,102,10,92,TRU-01
eaaafc8c-fe99-478c-ba08-abb0c9d46638,7bdfdd81-c3b2-462f-a0f9-62e57d075024,2026-09-16,83,12,71,AQP-01
b372bd4a-68b3-4112-ad34-d1cae6e9e403,3a1be4da-4b28-4616-9151-03da27cbb44b,2026-09-16,1,0,1,AQP-01
9c1aab77-592f-47d5-8a40-4925dc6bd73e,ab8e8593-f3dc-4c14-b53a-60e3872fc884,2026-09-16,0,0,0,TRU-01
13c44df9-d316-4dbc-8fc3-44c55dbbc1a8,712b222e-3c7d-4ee4-b3a0-c41e808f4784,2026-09-16,86,10,76,AQP-01
18f050e3-d56b-4dcc-b1f0-31425d57030d,7203bb67-8e37-4887-8011-b2d0d6f036f3,2026-09-16,136,0,136,AQP-01
50e8d074-de99-4592-a58d-8c00a452288c,6cde87d7-6258-446c-9563-02cf2f0d2ada,2026-09-16,67,12,55,TRU-01
0eadb249-82d9-4054-b3e6-187d01ec4e89,92171312-b75e-4226-9d4b-845d5ea08155,2026-09-16,23,6,17,AQP-01
333b1bf1-3bef-4cb4-ae21-8666751c644e,e3019667-1164-4228-9f3b-9aadc08a69fb,2026-09-16,78,8,70,TRU-01
2cd6520c-b1da-4f7f-93ec-2cf95e7dfe30,bb458257-8b98-4f58-8ae6-a510207a73db,2026-09-16,97,10,87,AQP-01
39af73be-4314-4024-bcda-7c15f8b3c9c5,d915547d-73ec-412f-90e0-89da3a4c9259,2026-09-16,41,0,41,TRU-01
e2e2c497-186d-4990-90da-66517362eb2f,443ab17e-e9fa-4f6b-836e-5c22337f1ca6,2026-09-16,0,0,0,AQP-01
3efd2c40-07f8-42af-ab19-afb6d718b9dc,a7711b52-4435-448e-819e-98a2dbe8cf8f,2026-09-16,95,13,82,LIM-01
57b4b906-a5f8-4890-bb7f-cd0b49067394,e2df9836-940f-476a-8d45-7e32dc8fba89,2026-09-16,31,3,28,TRU-01
df520f66-4a8c-4c3e-8cf4-75ba9b9de373,1e456211-978c-446b-b7d4-b2e5fee2ce93,2026-09-16,0,0,0,LIM-01
91eb22fe-8d1a-4897-a465-d21aee7874b9,c17db5e1-5b57-4daa-9db3-680575762928,2026-09-16,160,1,159,AQP-01
d4bb664b-0953-4dee-8dac-c021d2de11b0,24f2611f-fb3f-4cde-b2f3-5e9a0ace81de,2026-09-16,171,4,167,TRU-01
9d9bd9e4-3875-423e-b4f8-5d74b21188df,6bfb919e-7818-4425-9cb5-56067eb4003d,2026-09-16,1,0,1,TRU-01
856945f6-385f-45c3-a70d-8704b7fe6b84,ee83706c-c527-42fd-ab15-94e18ad6b215,2026-09-16,0,0,0,TRU-01
93ce445f-e6f2-43ec-819f-5d85cd136217,0c180dc4-e47f-452f-a34f-88535b3036ae,2026-09-16,116,5,111,TRU-01
0bb528c1-d792-457a-88dd-650bd049848d,22d9f4ea-06b1-414a-837e-ea9c75949c2a,2026-09-16,37,9,28,LIM-01
2549ab1d-859d-4aee-9498-f5a86eb63e54,97418cf1-a3f0-44e9-a7f5-8a194d37e5b7,2026-09-16,2,1,1,TRU-01
caaf7108-730c-4845-9a44-01538fea16c1,87fdde90-b04e-4a48-a7f3-b3291767395f,2026-09-16,102,13,89,AQP-01
d1f0010f-25d0-484d-885a-73e68d6425ec,3d7ec3d1-13c0-4676-8f43-16ce944a0b29,2026-09-16,15,13,2,AQP-01
6825cfb0-6088-47eb-9823-ff52bd209796,b76a4490-6dc3-4f1d-bf7b-0ee89965fe8c,2026-09-16,83,2,81,LIM-01
897dc8ab-339f-4ed2-93f7-e78f6f16179b,927c85f0-e0c7-46e7-86c9-afba348bbf2d,2026-09-16,104,0,104,LIM-01
73d0fb0c-a816-40b4-b4c5-e88458e37dfa,331bd900-2461-4de2-bc68-20ee5b66c42e,2026-09-16,90,4,86,AQP-01
7d1d8c78-3cfc-4f7d-9989-ccab0fa8c0a9,80727ca5-bc93-48a6-8954-d917c2ebdf28,2026-09-16,176,0,176,LIM-01
ae550051-6c36-4c75-a46d-704e73bca3ca,9046ff08-a3e8-4842-bd72-2d330026a774,2026-09-16,166,8,158,AQP-01
5929f5a1-ddca-45b9-8c25-ca3e08679e53,879bf45a-c643-4b6b-b9b1-cc050d7a3a45,2026-09-16,173,6,167,TRU-01
9e6d5700-0476-4eb5-839a-7c1147520a49,72d00c6b-d48a-4b98-8889-f84d9d394d03,2026-09-16,162,10,152,LIM-01
494819b8-b613-4573-8740-695120578fa4,87229156-2ac8-47e1-abc4-73797ae405a9,2026-09-16,109,5,104,AQP-01
37454f4d-d128-4c0f-986d-bbc3c1396398,b81d7592-8385-47cd-98e2-043fd1b8eb67,2026-09-16,152,4,148,AQP-01
89add349-6c91-44d8-865e-159bb78c5cf6,3cee9d76-7a36-48e3-ae26-dff70cd435e5,2026-09-16,0,0,0,TRU-01
f2f62e6a-aea9-4baf-8b13-0d9736f70a70,10cbe6ad-6424-41ec-978d-653588f6091b,2026-09-16,3,0,3,TRU-01
c956ddce-3a4f-41d2-9991-160224b3ee66,90878bee-d127-4a14-80bf-0a07945a4599,2026-09-16,76,5,71,TRU-01
9858b305-1ef8-435c-ba66-c536c0a4813d,19c71f0b-c223-40f7-9b3f-715a7a772467,2026-09-16,98,5,93,AQP-01
8cd19432-b0dd-483f-9225-e89b12e9f65d,ae7c02b8-f8e5-41f7-800e-8411bc62b6e0,2026-09-16,0,0,0,TRU-01
4334906a-bda5-4850-b201-540d31c5ff48,13713fae-c44e-4027-933f-fcc017e784a6,2026-09-16,0,0,0,AQP-01
f31a1307-11c7-4d80-8573-3a5469dc3f41,eaeaeced-34dd-4430-a336-b700b16a901f,2026-09-16,168,3,165,LIM-01
91bbc5a9-a892-4827-8955-f3498330a3d1,4e9169c6-ab5a-4135-ad91-b4895756c721,2026-08-31,78,7,71,TRU-01
1fffe909-44d0-4700-a89c-e1733cafa61d,6ae827d7-f2fd-4257-bb5d-691bdbbb06ee,2026-08-31,0,0,0,LIM-01
3225be60-7919-4cb2-9988-8745599db852,1e242fb3-4b52-4fa6-a506-cb8a203495e1,2026-08-31,69,9,60,AQP-01
b01515d7-6679-4a4d-b634-f625fc5dc9a9,94e6c20a-565b-4334-8466-cfb1c4ba1124,2026-08-31,145,9,136,AQP-01
a6bc2ced-026f-49f2-b595-6a2530579d1c,6fa921ae-d941-4ebf-8858-26a1ea7b09f5,2026-08-31,24,6,18,AQP-01
1ea544cf-8461-4664-8af9-7f6c7f2de6e3,3aeac099-8c2d-4593-8e85-057dd2446e8b,2026-08-31,152,4,148,TRU-01
a33abd2e-2328-4587-8cc4-2118a3c7a20a,df80a3f3-e3c1-4c79-b98d-3c53abd49355,2026-08-31,162,13,149,LIM-01
3bdfddd0-1d8e-4e96-92ef-ffbf6f1cedef,35441efc-21de-4a55-869c-f7a71e17aa82,2026-08-31,0,0,0,TRU-01
4c23cb37-42f6-4857-a257-079f0135ecad,01db3425-0a32-404d-9ec3-c33cf95d7f01,2026-08-31,28,7,21,AQP-01
049bbaf7-e852-4856-821b-36f4789d5c62,e9aaeee7-b19e-4be7-84a8-2b06831b136f,2026-08-31,59,1,58,TRU-01
2feb320d-97a4-4aa4-9c61-4734a971091c,6650b20c-c2b2-482f-ad84-929e10988708,2026-08-31,1,0,1,LIM-01
7c4890ec-4031-4b34-9e91-df822bee1765,7ac08228-dbe3-4cbd-b18c-f5299346e1e3,2026-08-31,106,8,98,LIM-01
76a0038a-8f22-4148-88eb-201aad119a45,ac6c6879-cbf0-4078-b888-ebe1f2e5b69a,2026-08-31,161,14,147,AQP-01
c6e1994b-f2ff-4ac6-9459-2e53e24d0cd3,15121d79-b5c8-4beb-a6c8-8dc56822dbd6,2026-08-31,162,4,158,LIM-01
3d188397-71af-4e71-8a98-6f1e61edb135,25a4a35c-a74a-4bc7-8292-cfb4eff1d185,2026-08-31,0,0,0,LIM-01
f3030fb6-c00c-4837-abf6-3a6bf293bc44,7d5f00d3-dd68-4284-9a0c-25f79c4ea661,2026-08-31,35,7,28,TRU-01
90c38193-617c-4715-a53e-47200c019689,5f38eba0-499b-4072-a65d-69a789912aba,2026-08-31,0,0,0,TRU-01
f95d8b87-bfc9-4f80-8549-5d1aca73a3ff,d3fd882f-74a8-4d58-911d-23777e7fe5e2,2026-08-31,10,9,1,LIM-01
a78fe6ee-0938-425d-8986-39d0b02bd753,2153c6d9-96a0-4e04-be01-45fa21ff2f99,2026-08-31,0,0,0,AQP-01
39fa17c8-6cd7-4cab-b7f3-f80af90181d8,17d716d3-9315-45ac-9b14-982a6ccf8bbd,2026-08-31,98,11,87,LIM-01
f6353d04-fd9c-4802-ae46-6f14c7eee07b,74a1fb4b-e48e-4c3f-83da-09452e9708bf,2026-08-31,95,14,81,AQP-01
2f556828-bf0d-425c-8cea-b90da4699f93,2bdfa00d-780d-4342-8fbb-172e31f7b126,2026-08-31,97,3,94,TRU-01
1518569f-09f9-481a-b30b-d30ca752d3d7,3ec54808-05db-4f32-8e48-e86a81960a77,2026-08-31,118,9,109,TRU-01
691e600c-6986-49a3-964d-1b185e87bf33,81fa3092-cf08-4596-a23f-fa87d0bb5e17,2026-08-31,0,0,0,AQP-01
9c4e21d0-4bed-4905-ac27-5fe11b96bfdc,4bc42ea3-97fd-4d53-801f-1f431a781f6a,2026-08-31,50,11,39,AQP-01
b360c518-e5a7-4a36-987a-de6fb2361581,2faaa7a4-beaf-47e4-8fb2-2e2bde1d8e0e,2026-08-31,157,3,154,TRU-01
1dfafccc-10ce-4df8-9f35-75f75077da45,53fcdbbe-4e84-4f49-9a5d-3b47e512f2f4,2026-08-31,141,5,136,TRU-01
c4f92942-f841-4927-bf08-9e9960220aa8,462778c3-cb66-491d-92ac-5fa099155f61,2026-08-31,66,3,63,TRU-01
52ced0b5-f15c-4aff-a62e-1ed8d4da8c4a,70f26093-f0a9-44a6-8de6-705c89c98340,2026-08-31,91,7,84,LIM-01
a7b6456a-3d4c-4f56-b4c0-58fa26b13d8f,af38b8b5-14d7-4e43-9f4f-cd924430278c,2026-08-31,0,0,0,TRU-01
c3faf650-5ded-4b70-985a-2729a41d78a3,ffb01a9a-d2a9-4872-92dd-e6ca72a3e56f,2026-08-31,0,0,0,AQP-01
222c2183-b62e-43b1-99c1-9ed34430fb4e,76b52cae-e1b0-4e85-9f0b-beee091eccec,2026-08-31,29,0,29,AQP-01
3e8ed4cc-9d9c-4613-99f8-6a9e94499d41,7192d93d-75d5-4cba-95f5-39fa51ff8e4f,2026-08-31,9,8,1,TRU-01
fc51ac8f-69b0-4003-8110-35dbc8efabef,d84711ef-6e65-43c6-b83d-14cdeae30abe,2026-08-31,142,8,134,LIM-01
17b25acc-e3b8-4b31-8661-f16014fdff39,5c13a98c-142d-44d4-ad64-15034ba87253,2026-08-31,48,10,38,TRU-01
4f6b7f2a-29f5-4ff4-9f6b-3462ace6115a,c7585597-f4b3-4f98-bdb4-f48fc0b74709,2026-08-31,151,13,138,TRU-01
9bacc6b3-10cb-4704-9085-eb2137a3673d,7502eb4c-0529-475c-a79a-eaf9f4866cee,2026-08-31,0,0,0,AQP-01
bf00b09b-5561-461a-836f-58f0d70c0c37,362e8e6b-ac1f-4fda-9a08-9a3ee4eefd5f,2026-08-31,0,0,0,LIM-01
fd853d61-9cb9-45a2-9dd0-e396fab5e59e,a4efef4f-c16e-48d0-9b2d-8c4614c1d7c1,2026-08-31,72,4,68,TRU-01
72a7f7c4-74fd-49c1-a280-4291d42c7ccd,15366c49-b775-447f-bbfa-a3c708d58899,2026-08-31,50,3,47,TRU-01
a1b0fbd1-b592-4f82-b612-efc58e28d66b,9f305fb9-776d-41b4-b54f-11970707d15c,2026-08-31,81,11,70,AQP-01
e156bc0a-d127-405d-87a3-b0ca793ebac2,1cc40f4f-d022-43f4-83f6-7f2db687adc4,2026-08-31,122,10,112,LIM-01
94fcad3f-72a0-4a24-9519-288ca5479313,9892091e-6e5a-42f0-9ff8-afbc17b8b21d,2026-08-31,0,0,0,AQP-01
60ea336b-878c-4079-8942-15a654f9a534,7f29e396-f186-4a6a-a668-561eb2739237,2026-08-31,34,8,26,LIM-01
502241a4-35f0-4865-a80d-8f944b622063,5f32755a-fc57-403f-a92e-f1e7f5f1dd9f,2026-08-31,128,7,121,TRU-01
f89b4695-acf4-4db4-a8a5-172c50882f0d,915d56c8-9064-48dc-9af2-ec3ee9738189,2026-08-31,0,0,0,TRU-01
2a8814c1-af9c-4075-bf56-0ad6fa24cb17,7fb44b52-d3e7-4c9c-844a-e6923704557d,2026-08-31,48,12,36,AQP-01
0839b094-c498-4d4a-bfa0-915dca83960c,64d987c0-00ed-43f8-bbcf-cfca7e557340,2026-08-31,0,0,0,AQP-01
0683d63c-7e69-4f41-a46b-80d462b5c1a4,e577b494-9836-4922-8c07-0dcfa95df8b7,2026-08-31,116,7,109,TRU-01
12215986-6207-408d-943a-2803a4883c4b,5307c421-1070-4dc0-bdcc-729f66776c0b,2026-08-31,88,9,79,LIM-01
884eb06f-5b8c-427d-95f2-ee436f47810b,e214adb9-066e-42bc-9319-218dffccfd16,2026-08-31,65,1,64,LIM-01
d5b830a7-3954-4a99-85f7-0e5031ceeaca,d41d7660-5c38-4c73-9441-798a20e74859,2026-08-31,118,8,110,TRU-01
b86b5f44-2375-4416-a098-3359236cd714,ca039771-bcd9-4a27-a114-1d6f2a3abf7b,2026-08-31,53,3,50,LIM-01
a55de32e-5fba-4523-9785-8b0d75c3a5cd,c7c3979d-b9a9-405b-92fd-579c4ead0cc4,2026-08-31,86,11,75,TRU-01
453cda22-4b85-4055-9e37-c10c06dfa545,66971519-ccd4-494a-9848-a91a8120204c,2026-08-31,0,0,0,LIM-01
3e4510ca-e805-404f-910d-96898fc0d59d,2de8f725-280b-439f-97aa-708dd3a4d193,2026-08-31,36,13,23,TRU-01
3a654a0a-ad96-45ef-ba2a-83b4f8ff4ca8,a7e73279-de5d-4f7d-9659-955f2c1ec2c0,2026-08-31,113,12,101,AQP-01
8249396b-fec4-48ef-a5b1-e2df93cae008,5e257d0e-dd6c-4236-a491-0f78998629d0,2026-08-31,19,5,14,AQP-01
8c52aaf5-88b5-4071-a085-36884a5d3c01,35e4f900-75b2-4ef8-ba08-4df5f748dea3,2026-08-31,24,9,15,TRU-01
f18eab50-92f0-405f-8396-45aeb5276380,359ef18f-4bbf-4bd1-8ade-e876307f36a7,2026-08-31,116,0,116,LIM-01
18e3fe56-e17e-4423-a0b2-343a254ef7b8,11b3e4ed-bbee-4796-9308-cef6d52b6f20,2026-08-31,8,7,1,TRU-01
98163b1e-38e7-4525-a023-7cd4bfbb0c05,79b0b075-4feb-48f7-ae02-430b25e5f963,2026-08-31,75,11,64,TRU-01
aff88877-7dbb-4189-ad04-75185a90af53,c14ca1fe-2fff-46ce-940c-80d923223198,2026-08-31,176,1,175,LIM-01
f70b3d10-6061-4fdc-bb21-68bc14addf02,0b79dcba-6f2a-409a-9769-751a37ce59f6,2026-08-31,126,9,117,TRU-01
ece31c70-1e1e-4677-b6fe-536ae2009d18,3076c108-3ef1-418e-acf8-b8bb00e5e800,2026-08-31,0,0,0,TRU-01
9a58a307-1ec8-4ffa-becf-762ae4bd3302,688cae56-4396-4496-851e-4da6c5a43f3d,2026-08-31,0,0,0,LIM-01
7a31e440-4bc8-4001-a37e-cf8796c10bbd,388b7223-5d5c-40ff-b432-83abb04d73b3,2026-08-31,137,13,124,AQP-01
2aad6635-41c7-42ca-835d-ef900159cc84,7e2fcdd4-a5b5-4181-8db2-47fd6152782f,2026-08-31,65,4,61,LIM-01
ff4dc75f-f9e5-4076-a515-485508231569,b0367802-0712-49ec-9c0f-3e25cbd83702,2026-08-31,12,9,3,AQP-01
36b9732d-9373-430a-8bd3-da7c3c0fd430,a0910df2-0f6d-4f88-b841-7c2f55829e0b,2026-08-31,109,13,96,LIM-01
2c186fe5-633d-4c70-9f0b-7a3eb7f0c8f9,a81b2253-d8f6-462f-886a-4ba6ff75b8c9,2026-08-31,42,3,39,TRU-01
d7e92384-dae6-47b0-9fe6-0ed492f4a270,aeddb5a3-8295-4c0e-8775-ea67f5331f4b,2026-08-31,0,0,0,AQP-01
a259f886-dac3-4853-a1e5-e1c1dd965849,c4ebde71-fe02-4900-a6c9-cc604591c4fb,2026-08-31,43,11,32,TRU-01
94d1d826-f91b-43f2-a291-eac2e48b672a,8c061185-fcc7-4601-adaa-14603361d2dc,2026-08-31,5,0,5,TRU-01
6bb62cdf-e17b-4d34-ba60-e06c7e3f81fb,30f32063-baf1-4a87-b327-9ce9fb270288,2026-08-31,12,5,7,AQP-01
4906c001-382b-428a-bb60-e752065c27ac,fac6ada9-4ca6-48a8-b7bb-37d4b5b2766f,2026-08-31,84,12,72,LIM-01
9b7905a2-f65f-49d8-9df4-9e882a54091a,13a9bff3-2330-4bfd-9a00-afdbba1bda5a,2026-08-31,0,0,0,TRU-01
5fe53dbe-a85b-413e-8734-68fbdcb15a66,7a861562-38a5-448a-8409-97709f6372f8,2026-08-31,53,1,52,TRU-01
d7555f6d-3fdb-4fc8-a69d-f2a9c1b34edc,bc0f0741-4962-47cd-89bf-005d75b67202,2026-08-31,0,0,0,TRU-01
114681a0-94f4-41ff-bd9c-073b6fb59f03,a262a1a3-b1fb-4bf0-a3cb-78e343819a4d,2026-08-31,49,1,48,LIM-01
65a0dd2d-9be3-475c-a78b-3ac6fd64fa9c,fb7e7a22-61ae-4a1a-9772-2be3d79d97db,2026-08-31,88,5,83,LIM-01
6683f2b8-409e-4c91-bb97-6e3ece6068de,7bdfdd81-c3b2-462f-a0f9-62e57d075024,2026-08-31,59,4,55,TRU-01
9e1f6cac-a030-4f1f-94d6-2f1ab9b29797,3a1be4da-4b28-4616-9151-03da27cbb44b,2026-08-31,0,0,0,AQP-01
7b6da80c-8e38-427f-b55b-19df32ceaeca,ab8e8593-f3dc-4c14-b53a-60e3872fc884,2026-08-31,0,0,0,AQP-01
a9b0bd01-c4fc-4212-8c68-adb9c45806d1,712b222e-3c7d-4ee4-b3a0-c41e808f4784,2026-08-31,74,8,66,LIM-01
f881762d-1644-439f-85f2-8fc901a735f6,7203bb67-8e37-4887-8011-b2d0d6f036f3,2026-08-31,138,9,129,LIM-01
5c30203f-1311-4832-807f-90a63277ac65,6cde87d7-6258-446c-9563-02cf2f0d2ada,2026-08-31,59,0,59,TRU-01
d9679fac-4e5e-43a3-8f96-5377058ede51,92171312-b75e-4226-9d4b-845d5ea08155,2026-08-31,0,0,0,LIM-01
9b2fb0e5-edea-4dfa-932f-54be9e3cad6c,e3019667-1164-4228-9f3b-9aadc08a69fb,2026-08-31,59,13,46,LIM-01
3ab9f119-ce35-49fe-88f2-da0e261eb491,bb458257-8b98-4f58-8ae6-a510207a73db,2026-08-31,106,3,103,TRU-01
93f2ceca-e443-4fde-b04d-e052e31f1019,d915547d-73ec-412f-90e0-89da3a4c9259,2026-08-31,16,4,12,LIM-01
3d78d232-18a4-4197-a9e2-83a8a84a14fb,443ab17e-e9fa-4f6b-836e-5c22337f1ca6,2026-08-31,0,0,0,TRU-01
1eb39ff4-39c2-4afc-8a51-b7c6ccdde465,a7711b52-4435-448e-819e-98a2dbe8cf8f,2026-08-31,74,12,62,LIM-01
22b00193-01cd-4a8c-9c63-c8be211a7cff,e2df9836-940f-476a-8d45-7e32dc8fba89,2026-08-31,29,2,27,AQP-01
118cfc29-1cb2-4400-9cc6-f5a14ce16678,1e456211-978c-446b-b7d4-b2e5fee2ce93,2026-08-31,0,0,0,LIM-01
2bedba58-89aa-4800-bf5c-e6b32c7228e4,c17db5e1-5b57-4daa-9db3-680575762928,2026-08-31,140,7,133,LIM-01
9c45cbe6-81d0-47f7-be6a-5ab7a4ca1f8a,24f2611f-fb3f-4cde-b2f3-5e9a0ace81de,2026-08-31,135,2,133,LIM-01
f9fa341a-0b1b-4981-b6b8-fb2d37eeb41c,6bfb919e-7818-4425-9cb5-56067eb4003d,2026-08-31,0,0,0,LIM-01
1d39790a-1abf-4018-8e4d-71134ae87aff,ee83706c-c527-42fd-ab15-94e18ad6b215,2026-08-31,0,0,0,LIM-01
317b84a4-16b3-4716-a575-88fe3d4fe7b2,0c180dc4-e47f-452f-a34f-88535b3036ae,2026-08-31,121,7,114,AQP-01
bd9a715a-6391-4c5d-8449-1ba1b5e57db5,22d9f4ea-06b1-414a-837e-ea9c75949c2a,2026-08-31,27,8,19,AQP-01
5ccbad16-9d64-4051-8635-06d97e854b8c,97418cf1-a3f0-44e9-a7f5-8a194d37e5b7,2026-08-31,0,0,0,AQP-01
fdfa8508-3055-45d8-b1b0-0e995b52c764,87fdde90-b04e-4a48-a7f3-b3291767395f,2026-08-31,83,4,79,LIM-01
1d833d85-9e64-4c55-9d21-79ebd692f58b,3d7ec3d1-13c0-4676-8f43-16ce944a0b29,2026-08-31,0,0,0,TRU-01
1903bba0-c3ca-4cf4-8489-a547c32f8978,b76a4490-6dc3-4f1d-bf7b-0ee89965fe8c,2026-08-31,74,2,72,LIM-01
6060a0a7-e5ce-4b6a-86f4-55f15cab9531,927c85f0-e0c7-46e7-86c9-afba348bbf2d,2026-08-31,94,13,81,LIM-01
2dcf1eae-b966-4a8c-9c45-4c1c0c5b632f,331bd900-2461-4de2-bc68-20ee5b66c42e,2026-08-31,81,7,74,AQP-01
edfcdd76-6d48-4324-9ff5-55a17d3f8ce1,80727ca5-bc93-48a6-8954-d917c2ebdf28,2026-08-31,163,3,160,TRU-01
0d871b3d-0b75-4ced-b3f9-fbee22d0d5d7,9046ff08-a3e8-4842-bd72-2d330026a774,2026-08-31,171,11,160,TRU-01
5560b639-c8f4-49ed-af38-237739dd7de5,879bf45a-c643-4b6b-b9b1-cc050d7a3a45,2026-08-31,150,12,138,TRU-01
e1190958-efca-42fa-88b9-b8e5c0e2dd39,72d00c6b-d48a-4b98-8889-f84d9d394d03,2026-08-31,157,1,156,AQP-01
7dd00770-233b-4b7b-b53b-2c0db940d15f,87229156-2ac8-47e1-abc4-73797ae405a9,2026-08-31,94,5,89,AQP-01
1c067041-25b9-45ca-a056-e109da93c3d3,b81d7592-8385-47cd-98e2-043fd1b8eb67,2026-08-31,123,8,115,LIM-01
1adf93ea-9e49-43c6-b415-895871192c05,3cee9d76-7a36-48e3-ae26-dff70cd435e5,2026-08-31,0,0,0,LIM-01
f6aa70f0-be13-4aa6-9760-390526b70228,10cbe6ad-6424-41ec-978d-653588f6091b,2026-08-31,0,0,0,LIM-01
4406dbe9-ff66-4714-9ba8-991ad3b127a4,90878bee-d127-4a14-80bf-0a07945a4599,2026-08-31,59,14,45,TRU-01
ab6b9d68-0a3d-4f68-8551-7b3e62db11da,19c71f0b-c223-40f7-9b3f-715a7a772467,2026-08-31,86,12,74,TRU-01
bcaf3b28-c8be-4171-8b0b-fe6bd7deec20,ae7c02b8-f8e5-41f7-800e-8411bc62b6e0,2026-08-31,0,0,0,TRU-01
49f2dfa7-47bd-41a1-a4d4-d689789d9b7e,13713fae-c44e-4027-933f-fcc017e784a6,2026-08-31,0,0,0,LIM-01
5a942a4b-0dbc-40d0-ab1e-14a69eab90f9,eaeaeced-34dd-4430-a336-b700b16a901f,2026-08-31,175,13,162,TRU-01
