product_id,title,category,price,stock,stock_status,currency
4e9169c6-ab5a-4135-ad91-b4895756c721,Fresh Mouse 101,Belleza,187.71,119,high,PEN
6ae827d7-f2fd-4257-bb5d-691bdbbb06ee,Hard Guía 102,Automotriz,171.2,2,low,PEN
1e242fb3-4b52-4fa6-a506-cb8a203495e1,Lite Café 103,Automotriz,442.31,109,high,PEN
94e6c20a-565b-4334-8466-cfb1c4ba1124,Eco Cargador 104,Libros,142.21,178,high,PEN
6fa921ae-d941-4ebf-8858-26a1ea7b09f5,Andino Comic 105,Deportes,550.78,42,high,PEN
3aeac099-8c2d-4593-8e85-057dd2446e8b,Urban Camiseta 106,Electrónica,1274.17,180,high,PEN
df80a3f3-e3c1-4c79-b98d-3c53abd49355,Hard Novela 107,Libros,124.48,178,high,PEN
35441efc-21de-4a55-869c-f7a71e17aa82,Express Peluche 108,Oficina,322.77,1,low,PEN
01db3425-0a32-404d-9ec3-c33cf95d7f01,Plus Peluche 109,,183.14,64,high,PEN
e9aaeee7-b19e-4be7-84a8-2b06831b136f,Soft Jeans 110,Libros,135.3,81,high,PEN
6650b20c-c2b2-482f-ad84-929e10988708,Smart Organizador 111,Belleza,19.71,42,high,PEN
7ac08228-dbe3-4cbd-b18c-f5299346e1e3,Plus Novela 112,Belleza,189.86,150,high,PEN
ac6c6879-cbf0-4078-b888-ebe1f2e5b69a,Eco Jeans 113,Hogar,607.37,185,high,PEN
15121d79-b5c8-4beb-a6c8-8dc56822dbd6,Lite Estante 114,Juguetes,206.86,180,high,PEN
25a4a35c-a74a-4bc7-8292-cfb4eff1d185,Hard Novela 115,Automotriz,163.36,5,low,PEN
7d5f00d3-dd68-4284-9a0c-25f79c4ea661,Andino Mouse 116,Alimentos,45.25,55,high,PEN
5f38eba0-499b-4072-a65d-69a789912aba,Daily Guía 117,Juguetes,82.73,13,ok,PEN
d3fd882f-74a8-4d58-911d-23777e7fe5e2,Smart Estante 118,Electrónica,366.44,34,ok,PEN
2153c6d9-96a0-4e04-be01-45fa21ff2f99,Pro Novela 119,Belleza,244.48,8,low,PEN
17d716d3-9315-45ac-9b14-982a6ccf8bbd,Premium Polera 120,Oficina,289.2,126,high,PEN
74a1fb4b-e48e-4c3f-83da-09452e9708bf,Pro Auriculares 121,Alimentos,52.75,113,high,PEN
2bdfa00d-780d-4342-8fbb-172e31f7b126,Soft Bloques 122,Deportes,58.01,121,high,PEN
3ec54808-05db-4f32-8e48-e86a81960a77,Daily Novela 123,Belleza,75.75,159,high,PEN
81fa3092-cf08-4596-a23f-fa87d0bb5e17,Fresh Teclado 124,Electrónica,804.58,21,ok,PEN
4bc42ea3-97fd-4d53-801f-1f431a781f6a,Lite Bloques 125,Electrónica,2202.2,69,high,PEN
2faaa7a4-beaf-47e4-8fb2-2e2bde1d8e0e,Clásico Camiseta 126,Hogar,738.94,181,high,PEN
53fcdbbe-4e84-4f49-9a5d-3b47e512f2f4,Urban Comic 127,Libros,119.82,177,high,PEN
462778c3-cb66-491d-92ac-5fa099155f61,Max Estante 128,Electrónica,2291.2,98,high,PEN
70f26093-f0a9-44a6-8de6-705c89c98340,Soft Sartén 129,Belleza,28.55,121,high,PEN
af38b8b5-14d7-4e43-9f4f-cd924430278c,Clásico Cuaderno 130,Libros,111.56,4,low,PEN
ffb01a9a-d2a9-4872-92dd-e6ca72a3e56f,Fresh Camiseta 131,Belleza,74.59,7,low,PEN
76b52cae-e1b0-4e85-9f0b-beee091eccec,Andino Balón 132,Alimentos,36.53,48,high,PEN
7192d93d-75d5-4cba-95f5-39fa51ff8e4f,Plus Polera 133,Oficina,306.37,40,ok,PEN
d84711ef-6e65-43c6-b83d-14cdeae30abe,Lite Zapatillas 134,Automotriz,298.18,180,high,PEN
5c13a98c-142d-44d4-ad64-15034ba87253,Norte Serum 135,Oficina,325.06,77,high,PEN
c7585597-f4b3-4f98-bdb4-f48fc0b74709,Soft Café 136,Belleza,91.9,168,high,PEN
7502eb4c-0529-475c-a79a-eaf9f4866cee,Daily Miel 137,Belleza,245.78,15,ok,PEN
362e8e6b-ac1f-4fda-9a08-9a3ee4eefd5f,Plus Balón 138,Libros,78.92,13,ok,PEN
a4efef4f-c16e-48d0-9b2d-8c4614c1d7c1,Urban Comic 139,Belleza,143.93,115,high,PEN
15366c49-b775-447f-bbfa-a3c708d58899,Pro Cargador 140,Electrónica,879.68,68,high,PEN
9f305fb9-776d-41b4-b54f-11970707d15c,Norte Auriculares 141,Libros,80.33,114,high,PEN
1cc40f4f-d022-43f4-83f6-7f2db687adc4,Eco Aceite 142,Automotriz,184.89,145,high,PEN
9892091e-6e5a-42f0-9ff8-afbc17b8b21d,Premium Organizador 143,Juguetes,88.62,24,ok,PEN
7f29e396-f186-4a6a-a668-561eb2739237,Clásico Auriculares 144,Oficina,422.11,74,high,PEN
5f32755a-fc57-403f-a92e-f1e7f5f1dd9f,Eco Champú 145,Alimentos,34.53,157,high,PEN
915d56c8-9064-48dc-9af2-ec3ee9738189,Premium Estante 146,Ropa,159.3,27,ok,PEN
7fb44b52-d3e7-4c9c-844a-e6923704557d,Pro Estante 147,Juguetes,44.92,65,high,PEN
64d987c0-00ed-43f8-bbcf-cfca7e557340,Pro Lámpara 148,Alimentos,37.67,4,low,PEN
e577b494-9836-4922-8c07-0dcfa95df8b7,Max Camiseta 149,Automotriz,235.57,159,high,PEN
5307c421-1070-4dc0-bdcc-729f66776c0b,Andino Camiseta 150,Belleza,85.82,105,high,PEN
e214adb9-066e-42bc-9319-218dffccfd16,Express Novela 151,Belleza,218.32,81,high,PEN
d41d7660-5c38-4c73-9441-798a20e74859,Fresh Balón 152,Belleza,145.48,142,high,PEN
ca039771-bcd9-4a27-a114-1d6f2a3abf7b,Urban Balón 153,Oficina,320.25,82,high,PEN
c7c3979d-b9a9-405b-92fd-579c4ead0cc4,Premium Organizador 154,Hogar,842.81,115,high,PEN
66971519-ccd4-494a-9848-a91a8120204c,Smart Mouse 155,Alimentos,19.28,0,out_of_stock,PEN
2de8f725-280b-439f-97aa-708dd3a4d193,Max Miel 156,Oficina,263.83,57,high,PEN
a7e73279-de5d-4f7d-9659-955f2c1ec2c0,Premium Estante 157,Ropa,57.86,133,high,PEN
5e257d0e-dd6c-4236-a491-0f78998629d0,Pro Novela 158,Alimentos,54.99,47,high,PEN
35e4f900-75b2-4ef8-ba08-4df5f748dea3,Clásico Snack 159,Juguetes,88.08,48,high,PEN
359ef18f-4bbf-4bd1-8ade-e876307f36a7,Daily Peluche 160,Ropa,92.37,157,high,PEN
11b3e4ed-bbee-4796-9308-cef6d52b6f20,Clásico Balón 161,Oficina,304.03,35,ok,PEN
79b0b075-4feb-48f7-ae02-430b25e5f963,Max Café 162,Belleza,103.52,100,high,PEN
c14ca1fe-2fff-46ce-940c-80d923223198,Plus Café 163,Hogar,698.57,193,high,PEN
0b79dcba-6f2a-409a-9769-751a37ce59f6,Max Comic 164,Juguetes,205.84,154,high,PEN
3076c108-3ef1-418e-acf8-b8bb00e5e800,Fresh Champú 165,Ropa,324.71,8,low,PEN
688cae56-4396-4496-851e-4da6c5a43f3d,Fresh Estante 166,Electrónica,1800.52,17,ok,PEN
388b7223-5d5c-40ff-b432-83abb04d73b3,Eco Mouse 167,Electrónica,516.83,173,high,PEN
7e2fcdd4-a5b5-4181-8db2-47fd6152782f,Daily Licuadora 168,Deportes,643.71,94,high,PEN
b0367802-0712-49ec-9c0f-3e25cbd83702,Andino Mochila 169,Alimentos,57.35,39,ok,PEN
a0910df2-0f6d-4f88-b841-7c2f55829e0b,Smart Cuaderno 170,Hogar,127.56,131,high,PEN
a81b2253-d8f6-462f-886a-4ba6ff75b8c9,Plus Novela 171,Oficina,51.97,64,high,PEN
aeddb5a3-8295-4c0e-8775-ea67f5331f4b,Eco Guía 172,Alimentos,84.68,27,ok,PEN
c4ebde71-fe02-4900-a6c9-cc604591c4fb,Andino Guía 173,Juguetes,66.73,78,high,PEN
8c061185-fcc7-4601-adaa-14603361d2dc,Premium Champú 174,Belleza,70.77,50,high,PEN
30f32063-baf1-4a87-b327-9ce9fb270288,Clásico Estante 175,Ropa,98.26,49,high,PEN
fac6ada9-4ca6-48a8-b7bb-37d4b5b2766f,Hard Aceite 176,Belleza,79.19,106,high,PEN
13a9bff3-2330-4bfd-9a00-afdbba1bda5a,Express Jeans 177,Deportes,562.44,14,ok,PEN
7a861562-38a5-448a-8409-97709f6372f8,Smart Bloques 178,Electrónica,2414.75,73,high,PEN
bc0f0741-4962-47cd-89bf-005d75b67202,Clásico Serum 179,Automotriz,559.71,17,ok,PEN
a262a1a3-b1fb-4bf0-a3cb-78e343819a4d,Urban Licuadora 180,Electrónica,1524.74,83,high,PEN
fb7e7a22-61ae-4a1a-9772-2be3d79d97db,Smart Champú 181,Ropa,178.39,111,high,PEN
7bdfdd81-c3b2-462f-a0f9-62e57d075024,Express Auriculares 182,Ropa,222.02,99,high,PEN
3a1be4da-4b28-4616-9151-03da27cbb44b,Hard Mouse 183,Automotriz,427.97,1,low,PEN
ab8e8593-f3dc-4c14-b53a-60e3872fc884,Max Jeans 184,Ropa,297.57,6,low,PEN
712b222e-3c7d-4ee4-b3a0-c41e808f4784,Eco Comic 185,Hogar,269.52,115,high,PEN
7203bb67-8e37-4887-8011-b2d0d6f036f3,Fresh Zapatillas 186,Automotriz,92.59,164,high,PEN
6cde87d7-6258-446c-9563-02cf2f0d2ada,Plus Aceite 187,Ropa,110.88,77,high,PEN
92171312-b75e-4226-9d4b-845d5ea08155,Eco Bloques 188,Oficina,236.97,35,ok,PEN
e3019667-1164-4228-9f3b-9aadc08a69fb,Norte Guía 189,Electrónica,1238.98,83,high,PEN
bb458257-8b98-4f58-8ae6-a510207a73db,Clásico Cargador 190,Oficina,215.62,124,high,PEN
d915547d-73ec-412f-90e0-89da3a4c9259,Pro Café 191,Libros,24.93,41,high,PEN
443ab17e-e9fa-4f6b-836e-5c22337f1ca6,Express Sartén 192,Electrónica,408.61,5,low,PEN
a7711b52-4435-448e-819e-98a2dbe8cf8f,Pro Filtro 193,Automotriz,288.79,95,high,PEN
e2df9836-940f-476a-8d45-7e32dc8fba89,Pro Filtro 194,Ropa,75.67,45,high,PEN
1e456211-978c-446b-b7d4-b2e5fee2ce93,Plus Jeans 195,Automotriz,534.77,3,low,PEN
c17db5e1-5b57-4daa-9db3-680575762928,Premium Miel 196,Hogar,441.99,165,high,PEN
24f2611f-fb3f-4cde-b2f3-5e9a0ace81de,Max Filtro 197,Electrónica,2308.41,179,high,PEN
6bfb919e-7818-4425-9cb5-56067eb4003d,Pro Lámpara 198,Juguetes,168.51,1,low,PEN
ee83706c-c527-42fd-ab15-94e18ad6b215,Max Miel 199,Hogar,858.61,0,out_of_stock,PEN
0c180dc4-e47f-452f-a34f-88535b3036ae,Norte Jeans 200,Automotriz,67,138,high,PEN
22d9f4ea-06b1-414a-837e-ea9c75949c2a,Fresh Crema 201,Oficina,109.19,48,high,PEN
97418cf1-a3f0-44e9-a7f5-8a194d37e5b7,Plus Aceite 202,Alimentos,52.35,22,ok,PEN
87fdde90-b04e-4a48-a7f3-b3291767395f,Andino Novela 203,Deportes,138.46,111,high,PEN
3d7ec3d1-13c0-4676-8f43-16ce944a0b29,Clásico Bloques 204,Ropa,86.42,18,ok,PEN
b76a4490-6dc3-4f1d-bf7b-0ee89965fe8c,Soft Champú 205,Automotriz,194.24,101,high,PEN
927c85f0-e0c7-46e7-86c9-afba348bbf2d,Urban Sartén 206,Deportes,456.84,126,high,PEN
331bd900-2461-4de2-bc68-20ee5b66c42e,Eco Snack 207,Ropa,175.71,112,high,PEN
80727ca5-bc93-48a6-8954-d917c2ebdf28,Soft Serum 208,Oficina,372.49,179,high,PEN
9046ff08-a3e8-4842-bd72-2d330026a774,Premium Peluche 209,Deportes,274.64,194,high,PEN
879bf45a-c643-4b6b-b9b1-cc050d7a3a45,Daily Peluche 210,Hogar,591.47,186,high,PEN
72d00c6b-d48a-4b98-8889-f84d9d394d03,Plus Cuaderno 211,Libros,124.12,176,high,PEN
87229156-2ac8-47e1-abc4-73797ae405a9,Urban Lámpara 212,Ropa,301.88,110,high,PEN
b81d7592-8385-47cd-98e2-043fd1b8eb67,Norte Balón 213,Libros,130.88,165,high,PEN
3cee9d76-7a36-48e3-ae26-dff70cd435e5,Smart Novela 214,Deportes,686.7,14,ok,PEN
10cbe6ad-6424-41ec-978d-653588f6091b,Lite Café 215,Automotriz,454.75,6,low,PEN
90878bee-d127-4a14-80bf-0a07945a4599,Premium Novela 216,Juguetes,64.68,95,high,PEN
19c71f0b-c223-40f7-9b3f-715a7a772467,Max Zapatillas 217,Hogar,704.1,102,high,PEN
ae7c02b8-f8e5-41f7-800e-8411bc62b6e0,Pro Mouse 218,Automotriz,487.63,2,low,PEN
13713fae-c44e-4027-933f-fcc017e784a6,Clásico Crema 219,Hogar,86.44,11,ok,PEN
eaeaeced-34dd-4430-a336-b700b16a901f,Max Estante 220,Ropa,100.52,197,high,PEN
